0005b73d16484fa29c2025dd4925064b,3e1f45e9-a809-5ed6-8c0d-38966ce0facf
0016f218dccd3f0252477a3c544ed003,3e1f45e9-a809-5ed6-8c0d-38966ce0facf
00c535458b4f430fb28573e36f9d87c5,3b46bba8-e292-592b-90ac-52beb2cc3b49
00d7b8bb939f3cdd100093f8ad28c344,3e1f45e9-a809-5ed6-8c0d-38966ce0facf
00d7b8bb939f3cdd100093f8ad28c344,d7fe7f99-9ee9-5a98-819d-4cec2b23d3ef
00f46fded928861ace03da301b792881,3e1f45e9-a809-5ed6-8c0d-38966ce0facf
014593364542048492d0d65bde7c86d5,e95299b4-9abf-57a3-9f75-1df0977f122d
0165fae2f96c12081428f4b0289b14ac,3b46bba8-e292-592b-90ac-52beb2cc3b49
018dcda8e000db59e7c7218166620937,e95299b4-9abf-57a3-9f75-1df0977f122d
01a6da24b53addc41673f48b98b2a214,e95299b4-9abf-57a3-9f75-1df0977f122d
01c34a6f78294015ce81274b0f3c500b,e95299b4-9abf-57a3-9f75-1df0977f122d
01e73db90cfd1803fae96fc0f1a91d96,9ab13534-45ae-5a35-bb8c-d27adc602873
02159cbd860d82d57b708e1b0c1038dd,3e1f45e9-a809-5ed6-8c0d-38966ce0facf
02606dd18166ef1d34eb8a0657829b2d,d7fe7f99-9ee9-5a98-819d-4cec2b23d3ef
027197d59b6176aadffa9748925bbf08,3e1f45e9-a809-5ed6-8c0d-38966ce0facf
027b2acddad4b6d8d39feabf5406211a,3e1f45e9-a809-5ed6-8c0d-38966ce0facf
02a449c7798800f0d17fe7e208025668,e95299b4-9abf-57a3-9f75-1df0977f122d
0342c9a7b54450830e9727b98f8e3cb7,3b46bba8-e292-592b-90ac-52beb2cc3b49
037b00cf9e8d3e915b677aa1945216db,d7fe7f99-9ee9-5a98-819d-4cec2b23d3ef
040ee6f0b6914aa26df4fbc1bc3218f8,d7fe7f99-9ee9-5a98-819d-4cec2b23d3ef
0425c3c6371c66abe15d94092e638606,3b46bba8-e292-592b-90ac-52beb2cc3b49
046ddf96c233a273fd390c3d0b1a9aa4,e95299b4-9abf-57a3-9f75-1df0977f122d
0501b4e3f17a759d1ac23462859567a7,7d4fbc48-32b2-5da4-8b4b-ca6f2881dfaf
054d7fda451257b518438e0cce79f825,d7fe7f99-9ee9-5a98-819d-4cec2b23d3ef
0586019dc911ebafac90fd0e7a68dd5d,3e1f45e9-a809-5ed6-8c0d-38966ce0facf
05b15a3bd85969833e55b3f05185dcb9,3b46bba8-e292-592b-90ac-52beb2cc3b49
05ec1857e4d6cb5ba712d9ed99f9b924,d7fe7f99-9ee9-5a98-819d-4cec2b23d3ef
06b8c4fdfe25cc81f8572570495f9271,d7fe7f99-9ee9-5a98-819d-4cec2b23d3ef
07a16aa1fb3724a23b6c79cf0b9fcc85,e95299b4-9abf-57a3-9f75-1df0977f122d
07af3a67a86353f6b14569e9a17da81d,3b46bba8-e292-592b-90ac-52beb2cc3b49
08c04a234c59ed654221cd34078a489f,b158b9fa-137f-59a5-930e-2981c3b6240c
08de8e0c1d2bba76ef83e3240a2149c4,d7fe7f99-9ee9-5a98-819d-4cec2b23d3ef
08f9bdb98fd65aa22ef5a7d9efd51892,e95299b4-9abf-57a3-9f75-1df0977f122d
092b56bc1db8c817717f199014ebf9fb,d7fe7f99-9ee9-5a98-819d-4cec2b23d3ef
093a2d5922bef54d583675c8fc3b7bac,39a4cf53-edcb-556a-87ac-758ec302baf9
093a2d5922bef54d583675c8fc3b7bac,e95299b4-9abf-57a3-9f75-1df0977f122d
096ee64634d5eca2e3a2ffa142604764,9ab13534-45ae-5a35-bb8c-d27adc602873
0986b365186dc1d8876eaa8a4fe27f73,d7fe7f99-9ee9-5a98-819d-4cec2b23d3ef
09ad6b97b47773d7ff7f499daf333174,d7fe7f99-9ee9-5a98-819d-4cec2b23d3ef
0a30a980e3540e51eb25423caa79f0cb,d7fe7f99-9ee9-5a98-819d-4cec2b23d3ef
0a3ab2984ae2b037c9926b4a2b2bde6a,86fd3a85-0e49-556c-828e-0ed5332c7d94
0a6e039a028dd9a64239473ff08c82c6,7d4fbc48-32b2-5da4-8b4b-ca6f2881dfaf
0bd08412deb4bc899259b87065525ea8,e95299b4-9abf-57a3-9f75-1df0977f122d
0be0c89fca9642f6941b42a9d1922e19,d7fe7f99-9ee9-5a98-819d-4cec2b23d3ef
0be41d47d8d909bac37c26c31908014b,d7fe7f99-9ee9-5a98-819d-4cec2b23d3ef
0bf31d0d702fcac8c8e07912f3347c31,7699c356-2bfe-5dfb-8f9b-e0ed0603080b
0c5cf32a0d6a4060b380af168158a146,d7fe7f99-9ee9-5a98-819d-4cec2b23d3ef
0cca06777ba4e3064ac74e91546d844d,d7fe7f99-9ee9-5a98-819d-4cec2b23d3ef
0cce9d48eb96fdf93fbae8640d547b8e,d7fe7f99-9ee9-5a98-819d-4cec2b23d3ef
0db4c531904492901312260b9a173fb5,d7fe7f99-9ee9-5a98-819d-4cec2b23d3ef
0de6154f844d7a8cfdcbf8d0fa6ca2d7,d7fe7f99-9ee9-5a98-819d-4cec2b23d3ef
0deb640ef017dbb2345a33a3dcb72ca2,3b46bba8-e292-592b-90ac-52beb2cc3b49
0df0659543705758bb8b698f61c2c640,3e1f45e9-a809-5ed6-8c0d-38966ce0facf
0e7d2216cdf0b0ff44896391ac02ba29,b158b9fa-137f-59a5-930e-2981c3b6240c
0ef00e18bf043da2d5fbfcad20f7d81d,d7fe7f99-9ee9-5a98-819d-4cec2b23d3ef
0f2fca6b41e4ac26fb6b54bfbe7ce838,b158b9fa-137f-59a5-930e-2981c3b6240c
0f437a119cd67aea1ddca3ecbb69c4c8,d7fe7f99-9ee9-5a98-819d-4cec2b23d3ef
0f83a77a24aa3aa2d82ad23c3963eff2,39a4cf53-edcb-556a-87ac-758ec302baf9
0f83a77a24aa3aa2d82ad23c3963eff2,e95299b4-9abf-57a3-9f75-1df0977f122d
0febb28ee7950952713e8ddf7bd98490,d7fe7f99-9ee9-5a98-819d-4cec2b23d3ef
10478336857252e66b46e7a7bb8f8e46,39a4cf53-edcb-556a-87ac-758ec302baf9
10478336857252e66b46e7a7bb8f8e46,e95299b4-9abf-57a3-9f75-1df0977f122d
1074cf6dee6fd3a453ea3fa9d190a430,d7fe7f99-9ee9-5a98-819d-4cec2b23d3ef
10995bd14f13fb08fb8a2c304987af2a,d7fe7f99-9ee9-5a98-819d-4cec2b23d3ef
10a5c874af69e45dc4ac525469866765,b0fed4f0-43b5-5415-b968-2c6c69ac3bba
116491a3880b172b226b7282823549f3,d7fe7f99-9ee9-5a98-819d-4cec2b23d3ef
11cbecd1594b26b84b6d4c4aceb55644,d7fe7f99-9ee9-5a98-819d-4cec2b23d3ef
11ffc7c8eaaaf88319ed64b35078295b,3b46bba8-e292-592b-90ac-52beb2cc3b49
1226f3fa59529841eb98c72579a0c835,d7fe7f99-9ee9-5a98-819d-4cec2b23d3ef
123dda05f7e414da378b7f9ceed62688,3e1f45e9-a809-5ed6-8c0d-38966ce0facf
12697d3b7528b64c21712348dd0d72f6,b158b9fa-137f-59a5-930e-2981c3b6240c
12697d3b7528b64c21712348dd0d72f6,d7fe7f99-9ee9-5a98-819d-4cec2b23d3ef
12e086066892a311b752673a28583d3f,e95299b4-9abf-57a3-9f75-1df0977f122d
12f73080e04ce0d8e95defb577ebc3f4,e95299b4-9abf-57a3-9f75-1df0977f122d
1388af28739bc4534faef9dda0c324c5,b158b9fa-137f-59a5-930e-2981c3b6240c
13f3cf8c531952d72e5847c4183e6910,3b46bba8-e292-592b-90ac-52beb2cc3b49
13f3cf8c531952d72e5847c4183e6910,3e1f45e9-a809-5ed6-8c0d-38966ce0facf
13f3cf8c531952d72e5847c4183e6910,7699c356-2bfe-5dfb-8f9b-e0ed0603080b
13f3cf8c531952d72e5847c4183e6910,b0fed4f0-43b5-5415-b968-2c6c69ac3bba
13f3cf8c531952d72e5847c4183e6910,b158b9fa-137f-59a5-930e-2981c3b6240c
13f3cf8c531952d72e5847c4183e6910,d7fe7f99-9ee9-5a98-819d-4cec2b23d3ef
13f3cf8c531952d72e5847c4183e6910,e95299b4-9abf-57a3-9f75-1df0977f122d
142bfd50d1b0e271eb30836041a975c8,d7fe7f99-9ee9-5a98-819d-4cec2b23d3ef
142ca2e4cfb3ded68051cc6baf435666,d7fe7f99-9ee9-5a98-819d-4cec2b23d3ef
1479aa18a6c1e46416f50a252d09df82,3e1f45e9-a809-5ed6-8c0d-38966ce0facf
14fd97c05017290800f05b30710588dc,3e1f45e9-a809-5ed6-8c0d-38966ce0facf
155b6cbd5a60410987eb4f542155437c,3b46bba8-e292-592b-90ac-52beb2cc3b49
159849ab17b198ea57488c081010f0f0,3e1f45e9-a809-5ed6-8c0d-38966ce0facf
15a9a29a78e1f474da9e8cf053de34eb,3b46bba8-e292-592b-90ac-52beb2cc3b49
15ae3871de05c9f5ff4ec390fd154587,e95299b4-9abf-57a3-9f75-1df0977f122d
15bc9971d5cbce4bf6fd6f1e8f07a3b3,3e1f45e9-a809-5ed6-8c0d-38966ce0facf
1643e48d19e4e4ce7a1042d3eb9458bd,3b46bba8-e292-592b-90ac-52beb2cc3b49
168ee82f1e193b3983703f8f4df48030,3b46bba8-e292-592b-90ac-52beb2cc3b49
16fc18d787294ad5171100e33d05d4e2,e95299b4-9abf-57a3-9f75-1df0977f122d
1713a23c14b5033adb074b5464fb6c66,d7fe7f99-9ee9-5a98-819d-4cec2b23d3ef
1728e600c991ca092d712b7f58b4ef20,3e1f45e9-a809-5ed6-8c0d-38966ce0facf
172ef5a94b4dd0aa120c6878fc29f70c,3e1f45e9-a809-5ed6-8c0d-38966ce0facf
17470c302630210e62fb515d0e94949b,e95299b4-9abf-57a3-9f75-1df0977f122d
17b2c2c31188eba83fa5a2262eb228fe,d7fe7f99-9ee9-5a98-819d-4cec2b23d3ef
17df2fd23352c16615d2fe16d532982f,3e1f45e9-a809-5ed6-8c0d-38966ce0facf
183132b25d6c97b5c9c90aab8a7976b0,e95299b4-9abf-57a3-9f75-1df0977f122d
188de7aa10f819c2cb3a3da2e58a6352,d7fe7f99-9ee9-5a98-819d-4cec2b23d3ef
18a4b145ef491c6a597e637b22849b4b,d7fe7f99-9ee9-5a98-819d-4cec2b23d3ef
18a5c4f427aa2a3153149069672e626a,9ab13534-45ae-5a35-bb8c-d27adc602873
194cf6c2de8e00c05fcf16c498adc7bf,d7fe7f99-9ee9-5a98-819d-4cec2b23d3ef
194cf6c2de8e00c05fcf16c498adc7bf,e95299b4-9abf-57a3-9f75-1df0977f122d
194dba6ad45ff30aac599c4675748bac,3e1f45e9-a809-5ed6-8c0d-38966ce0facf
196280cafee051cbba283953e3d196e8,d7fe7f99-9ee9-5a98-819d-4cec2b23d3ef
1967ca2221841106c05e459c7ebb465a,b158b9fa-137f-59a5-930e-2981c3b6240c
19b824b49cf75495918077a9dae2f366,e95299b4-9abf-57a3-9f75-1df0977f122d
19c751a86eeb1f51f86afc9fb054e67d,d7fe7f99-9ee9-5a98-819d-4cec2b23d3ef
1a056f5113b2f709096a6dc8916e38e3,e95299b4-9abf-57a3-9f75-1df0977f122d
1a8ec1f44b4e81abfcfd29f095961d84,b158b9fa-137f-59a5-930e-2981c3b6240c
1ab5ab3ab55e98a24ddc52a1b0875f26,9ab13534-45ae-5a35-bb8c-d27adc602873
1b09a00aaaf6c0b76f98b0562e6e84aa,d7fe7f99-9ee9-5a98-819d-4cec2b23d3ef
1b350700b98df125cee3386ec0846435,d7fe7f99-9ee9-5a98-819d-4cec2b23d3ef
1b52168ba998287050ea5c3047ee906b,d7fe7f99-9ee9-5a98-819d-4cec2b23d3ef
1b9fc81a464590732c790e352c326cd8,3e1f45e9-a809-5ed6-8c0d-38966ce0facf
1bd4d047b28d1ce32284ea6de7f3f07c,b158b9fa-137f-59a5-930e-2981c3b6240c
1bd69c7df3112fb9a584fbd9edfc6c90,3b46bba8-e292-592b-90ac-52beb2cc3b49
1bd69c7df3112fb9a584fbd9edfc6c90,e95299b4-9abf-57a3-9f75-1df0977f122d
1bef1ccce76537fe08604f4c248df199,d7fe7f99-9ee9-5a98-819d-4cec2b23d3ef
1c72ff99ac7ac439eefaab5f8c3dbb8e,3e1f45e9-a809-5ed6-8c0d-38966ce0facf
1c72ff99ac7ac439eefaab5f8c3dbb8e,d7fe7f99-9ee9-5a98-819d-4cec2b23d3ef
1cbea69a2c06cdcc639d00b1987a9c17,03c48848-e564-5b45-b1dd-5771b91458de
1d4507b8cb7c85384e1025ff268cd2d4,3e1f45e9-a809-5ed6-8c0d-38966ce0facf
1dbb0975241a2766184bbabd4835f4c0,3e1f45e9-a809-5ed6-8c0d-38966ce0facf
1e2001dab6238763e58c775cba225a16,3e1f45e9-a809-5ed6-8c0d-38966ce0facf
1e2001dab6238763e58c775cba225a16,d7fe7f99-9ee9-5a98-819d-4cec2b23d3ef
1e4e983c041f47433ae382cee001fcf7,e95299b4-9abf-57a3-9f75-1df0977f122d
1e591be4ca516f360fc5e6ba62919777,3b46bba8-e292-592b-90ac-52beb2cc3b49
1ea221f09d11bb36862e8b4df14f9258,d7fe7f99-9ee9-5a98-819d-4cec2b23d3ef
1ee3007cbbde3c57c6013b98fe9421a5,d7fe7f99-9ee9-5a98-819d-4cec2b23d3ef
1f57eebfc815629ed0c87e788492298a,e95299b4-9abf-57a3-9f75-1df0977f122d
1f90af7343dfffb500d5300162d06e6c,3b46bba8-e292-592b-90ac-52beb2cc3b49
1f9eb1a3af95ccc18b0c04f8e410156b,d7fe7f99-9ee9-5a98-819d-4cec2b23d3ef
1faf80ad53373a0f88fe03868d392777,e95299b4-9abf-57a3-9f75-1df0977f122d
1fb95bde63a12d772759e9d956345559,3e1f45e9-a809-5ed6-8c0d-38966ce0facf
2021e6edc2d11d884a540628b62d1c77,3e1f45e9-a809-5ed6-8c0d-38966ce0facf
202a5c26d857d42b18b6589c31267b79,d7fe7f99-9ee9-5a98-819d-4cec2b23d3ef
2046e4fc6f92ae6657d213cc0590d2d7,d7fe7f99-9ee9-5a98-819d-4cec2b23d3ef
20ef119e812e178ecb44efa448b57ebc,d7fe7f99-9ee9-5a98-819d-4cec2b23d3ef
21394f930b7ec990bdc7727a30c459f7,3e1f45e9-a809-5ed6-8c0d-38966ce0facf
214fbc01a123c93e7414d099a823d7b8,3e1f45e9-a809-5ed6-8c0d-38966ce0facf
2165628b1e6522106c8e572454a6ee70,b158b9fa-137f-59a5-930e-2981c3b6240c
21e60123a3a0df92f391f66b1e51903a,d7fe7f99-9ee9-5a98-819d-4cec2b23d3ef
21e70c96b104dfd9b9c4ac61134fd61d,d7fe7f99-9ee9-5a98-819d-4cec2b23d3ef
22456f4b545572855c766df5eefc9832,3e1f45e9-a809-5ed6-8c0d-38966ce0facf
224bbbe7dd33e281dfe323895b2354ef,d7fe7f99-9ee9-5a98-819d-4cec2b23d3ef
2256d8731ba15297da3bd1edb497587d,d7fe7f99-9ee9-5a98-819d-4cec2b23d3ef
227e69e4b6f590bf169f5d1eb993ebf7,d7fe7f99-9ee9-5a98-819d-4cec2b23d3ef
22959df92a25fc288d0efd81b62e1170,d7fe7f99-9ee9-5a98-819d-4cec2b23d3ef
232b3260bd4b99f910f440ea7db685f5,b0fed4f0-43b5-5415-b968-2c6c69ac3bba
2339f6b6c44759c64f381e0b21a1ab68,3b46bba8-e292-592b-90ac-52beb2cc3b49
2356e6599ea2f9784d765bdca5e80155,82d6ee72-1c98-521b-9636-9b19816f0a74
237a9878f4f0dea47857ca8d81794924,b0fed4f0-43b5-5415-b968-2c6c69ac3bba
237b3ee4f40c8d076a2fef8ee55d6565,b0fed4f0-43b5-5415-b968-2c6c69ac3bba
23e70a55126a611dd3d4c7415eeb0026,3b46bba8-e292-592b-90ac-52beb2cc3b49
23facff284c89c31d9d590633e2543b3,d7fe7f99-9ee9-5a98-819d-4cec2b23d3ef
24b11fc943b868a6e160ff09d0446202,d7fe7f99-9ee9-5a98-819d-4cec2b23d3ef
24dc2b5d421e7f6eda94ba6188e6fbc4,d7fe7f99-9ee9-5a98-819d-4cec2b23d3ef
24e27b869b66e9e62724bd7725d5d9c1,3b46bba8-e292-592b-90ac-52beb2cc3b49
26198ccf92a3f60248fce6668b922897,d7fe7f99-9ee9-5a98-819d-4cec2b23d3ef
263c9c6aed6b365b0f247a37558de8aa,3e1f45e9-a809-5ed6-8c0d-38966ce0facf
26d99f3adacff0bb05de7d659b2fdfdd,3e1f45e9-a809-5ed6-8c0d-38966ce0facf
273cfc835c96d80d6f1f254d6a8f0ffa,e95299b4-9abf-57a3-9f75-1df0977f122d
282fddf3b7b9f8907c2469959d05dc5d,3e1f45e9-a809-5ed6-8c0d-38966ce0facf
28466855790dc44d15707e31905550a8,e95299b4-9abf-57a3-9f75-1df0977f122d
2865909206193ee791ed28220f1fa322,d7fe7f99-9ee9-5a98-819d-4cec2b23d3ef
28d7e9408a086e96ed20ea697d5637ed,d7fe7f99-9ee9-5a98-819d-4cec2b23d3ef
28e4690d5f0e851e6ba8bbc69d792749,d7fe7f99-9ee9-5a98-819d-4cec2b23d3ef
292cf5995680946ce51abe782819ade8,b158b9fa-137f-59a5-930e-2981c3b6240c
29988cecd173c7e8755767a49a2134b7,b158b9fa-137f-59a5-930e-2981c3b6240c
29988cecd173c7e8755767a49a2134b7,d7fe7f99-9ee9-5a98-819d-4cec2b23d3ef
299c2a916ffafc397411375b0c6dc714,d7fe7f99-9ee9-5a98-819d-4cec2b23d3ef
2a32278c333a74578d10648c03f560ce,3b46bba8-e292-592b-90ac-52beb2cc3b49
2a38a4a9316c49e5a833517c45d31070,d7fe7f99-9ee9-5a98-819d-4cec2b23d3ef
2a7e50a06120d74abbdbbbd2f152fce0,3e1f45e9-a809-5ed6-8c0d-38966ce0facf
2ac1b0007c47d872b3298cf2c02e2926,d7fe7f99-9ee9-5a98-819d-4cec2b23d3ef
2b4226dd7ed6eb2d419b881f3ae9c97c,9ab13534-45ae-5a35-bb8c-d27adc602873
2be9bd7a3434f7038ca27d1918de58bd,e95299b4-9abf-57a3-9f75-1df0977f122d
2c14152e84671f19740278b7df425d7a,b0fed4f0-43b5-5415-b968-2c6c69ac3bba
2ca4ebec697ad342d90213c3d357edfb,b6918bea-aeb3-5821-ab5d-10d00144f919
2cb1d0939f0dd0ae02514c16e68c7817,d7fe7f99-9ee9-5a98-819d-4cec2b23d3ef
2cb9900556b65ed98d22934087c45e3b,3e1f45e9-a809-5ed6-8c0d-38966ce0facf
2cd4e8a2ce081c3d7c32c3cde4312ef7,e95299b4-9abf-57a3-9f75-1df0977f122d
2cfc7c2a1eabaff9fdcc09b009e8edad,3e1f45e9-a809-5ed6-8c0d-38966ce0facf
2d3b02917ea2900fe129741a9c0f3857,d7fe7f99-9ee9-5a98-819d-4cec2b23d3ef
2d46ecd6e15715e743296535793c6a75,b158b9fa-137f-59a5-930e-2981c3b6240c
2d7b0eca247a2a27960df27ad6577f4b,e95299b4-9abf-57a3-9f75-1df0977f122d
2dfbe1c802c78a8b1f75ef13b70c1124,d7fe7f99-9ee9-5a98-819d-4cec2b23d3ef
2e0d41e02c5be4668ec1b0730b3346a8,3b46bba8-e292-592b-90ac-52beb2cc3b49
2e1401616aea72f8d554b6b140c76fcf,d7fe7f99-9ee9-5a98-819d-4cec2b23d3ef
2e391cf85a9155b3e4ed75f6393601a3,3e1f45e9-a809-5ed6-8c0d-38966ce0facf
2ec937378ea08e49faa1a6608880d002,e95299b4-9abf-57a3-9f75-1df0977f122d
2f165d5651c5fefa379e27df6c9c1bd9,b0fed4f0-43b5-5415-b968-2c6c69ac3bba
2fbf28001ba6c944ee617aa482304324,e95299b4-9abf-57a3-9f75-1df0977f122d
300293412bff8b6a76a4b207618ae062,03c48848-e564-5b45-b1dd-5771b91458de
304c8af3dc9e2c07344242d777cf44c3,d7fe7f99-9ee9-5a98-819d-4cec2b23d3ef
30b43ca18a39992dfda8498952cd1ee0,3e1f45e9-a809-5ed6-8c0d-38966ce0facf
30b7e789ef0e3b053f070c7c5f156c96,d7fe7f99-9ee9-5a98-819d-4cec2b23d3ef
3131e1239cba9471f492b9ce23d6152e,3e1f45e9-a809-5ed6-8c0d-38966ce0facf
3191dae83bfcb94606a9e1e7923e8dbf,e95299b4-9abf-57a3-9f75-1df0977f122d
319292673661cd13d7bf94d4dde419c2,3e1f45e9-a809-5ed6-8c0d-38966ce0facf
319d3166ea5c551f99dd475924788d9a,3e1f45e9-a809-5ed6-8c0d-38966ce0facf
31a262d6247f3513b19d1149102e116d,d7fe7f99-9ee9-5a98-819d-4cec2b23d3ef
3271022b2a4a3e88d3fe8fc3bc0093a7,3e1f45e9-a809-5ed6-8c0d-38966ce0facf
32813f4dc037526fe7ea07217ae78f28,3e1f45e9-a809-5ed6-8c0d-38966ce0facf
32926f6c2eba28e293a6afa008a09f0a,3e1f45e9-a809-5ed6-8c0d-38966ce0facf
3296bb47f95ea9718834cc180babdeb6,d7fe7f99-9ee9-5a98-819d-4cec2b23d3ef
329b84eef9389700ea62507bc6125ad7,3e1f45e9-a809-5ed6-8c0d-38966ce0facf
32a7e861373861710b2232f31ac0f892,3e1f45e9-a809-5ed6-8c0d-38966ce0facf
33499e7a34024139150c6b109df47e83,d7fe7f99-9ee9-5a98-819d-4cec2b23d3ef
33dd6dba1d56e826aac1cbf23cdcca87,3b46bba8-e292-592b-90ac-52beb2cc3b49
33df65fff00ac44b1072928af43bdc7b,7699c356-2bfe-5dfb-8f9b-e0ed0603080b
3432203e8c8e18e10d80d299c519d0e7,d7fe7f99-9ee9-5a98-819d-4cec2b23d3ef
3499738f724b2ae08a1871b6a0a7d175,e95299b4-9abf-57a3-9f75-1df0977f122d
34dac0c75035baac751d4562f90c79b6,d7fe7f99-9ee9-5a98-819d-4cec2b23d3ef
34ee6e938c4025e4e32bd2edba9513ba,b158b9fa-137f-59a5-930e-2981c3b6240c
34f8248d83c1dea699e4ba4c8bf97220,7d4fbc48-32b2-5da4-8b4b-ca6f2881dfaf
3611e68d7db87aea6f33421c2fd8ba25,9ab13534-45ae-5a35-bb8c-d27adc602873
364c32263dd3f0df5095b65321f3cd79,d7fe7f99-9ee9-5a98-819d-4cec2b23d3ef
364c32263dd3f0df5095b65321f3cd79,e95299b4-9abf-57a3-9f75-1df0977f122d
36693dc783e6cb8d4ecef01f5555f656,82d6ee72-1c98-521b-9636-9b19816f0a74
374f608be0ee20393015eac8e7cd9c94,9ab13534-45ae-5a35-bb8c-d27adc602873
37707db4f79e490184f52e5362f747aa,d7fe7f99-9ee9-5a98-819d-4cec2b23d3ef
38487069112a759f8163f4eadf2f0e2e,d7fe7f99-9ee9-5a98-819d-4cec2b23d3ef
3879f162b0ddd08ffd5d40dd1b503219,3e1f45e9-a809-5ed6-8c0d-38966ce0facf
3883ac48b3f3bc34aedeb5286532c290,e95299b4-9abf-57a3-9f75-1df0977f122d
389928fa8ceb37d84d47ee81b117a581,3e1f45e9-a809-5ed6-8c0d-38966ce0facf
38c865d161fabe753bda7350e32a019d,3e1f45e9-a809-5ed6-8c0d-38966ce0facf
38e6a9a907410e189eb8c8f364498376,e95299b4-9abf-57a3-9f75-1df0977f122d
38f629170ac3ab74b9d6d2cc411c2f3c,e95299b4-9abf-57a3-9f75-1df0977f122d
390e85d5c5956103ce2e81924cc1da32,39a4cf53-edcb-556a-87ac-758ec302baf9
390e85d5c5956103ce2e81924cc1da32,e95299b4-9abf-57a3-9f75-1df0977f122d
396ad2e91a2eb62e6734f4407d7e957a,7d4fbc48-32b2-5da4-8b4b-ca6f2881dfaf
3998c97e65487a97a0f7a982cc97545d,7d4fbc48-32b2-5da4-8b4b-ca6f2881dfaf
399fb42487d82f7fba2cfc18332a858a,9ab13534-45ae-5a35-bb8c-d27adc602873
3a02e997750cfb60f6f9278918d3dafe,d7fe7f99-9ee9-5a98-819d-4cec2b23d3ef
3a3520fcafa4677879a8206b12c345a1,9ab13534-45ae-5a35-bb8c-d27adc602873
3ae311642c405d14382ac3be53a63e32,e95299b4-9abf-57a3-9f75-1df0977f122d
3b0eeabf28413058168a9d20f1126d21,3b46bba8-e292-592b-90ac-52beb2cc3b49
3baa7c098f1c20a4dfebea71ff10f253,3b46bba8-e292-592b-90ac-52beb2cc3b49
3bdb415186a3ed5abfb9371fe394b6ef,b0fed4f0-43b5-5415-b968-2c6c69ac3bba
3becf412a7c5c1749f182bf28b083953,3e1f45e9-a809-5ed6-8c0d-38966ce0facf
3c3c139bd8467c1587a41081ad78045e,3e1f45e9-a809-5ed6-8c0d-38966ce0facf
3c3c139bd8467c1587a41081ad78045e,b0fed4f0-43b5-5415-b968-2c6c69ac3bba
3c3c139bd8467c1587a41081ad78045e,d7fe7f99-9ee9-5a98-819d-4cec2b23d3ef
3c5209a5b7192ee73bf5473573a63966,d7fe7f99-9ee9-5a98-819d-4cec2b23d3ef
3c5be6328b5f6a0a5980341230b8ac05,e95299b4-9abf-57a3-9f75-1df0977f122d
3cdc175ed0be05393a9364f68983a61c,d7fe7f99-9ee9-5a98-819d-4cec2b23d3ef
3d25d97d74b25fda24861545538d0475,3e1f45e9-a809-5ed6-8c0d-38966ce0facf
3d3ab98d046b90727191e7f7177026e5,d7fe7f99-9ee9-5a98-819d-4cec2b23d3ef
3d8a0e750ff4f9b65d2c112a7095d1ce,3e1f45e9-a809-5ed6-8c0d-38966ce0facf
3da716c2036a0a6bccc4d1df4a1ace8b,3e1f45e9-a809-5ed6-8c0d-38966ce0facf
3dc1ab4934dab38138da862cfca78b18,39a4cf53-edcb-556a-87ac-758ec302baf9
3dd1f64d687102b6b4b29320773f02f5,82d6ee72-1c98-521b-9636-9b19816f0a74
3e53ae683f8e8c84221db763b30fe907,d7fe7f99-9ee9-5a98-819d-4cec2b23d3ef
3e857a7f054d7309e4b8b8a6a28810f3,3e1f45e9-a809-5ed6-8c0d-38966ce0facf
3e9e39fed3b8369ed940f52cf300cf88,3e1f45e9-a809-5ed6-8c0d-38966ce0facf
3e9f0fc9b2f89e043bc6233994dfcf76,d7fe7f99-9ee9-5a98-819d-4cec2b23d3ef
3ef7ad04022addfb9dffc6cae3ee1d63,3e1f45e9-a809-5ed6-8c0d-38966ce0facf
3f2d35cba31ae1ce6107d0593975cba7,3b46bba8-e292-592b-90ac-52beb2cc3b49
3f40db68176aa586074645682b1181f4,39a4cf53-edcb-556a-87ac-758ec302baf9
3ff6539fe87592445f221669a132d3b3,d7fe7f99-9ee9-5a98-819d-4cec2b23d3ef
3ff6a5fbc301ccc1bf365c979efa22fa,7699c356-2bfe-5dfb-8f9b-e0ed0603080b
4012e4ca51f4f19e7d001e568a7f4394,b0fed4f0-43b5-5415-b968-2c6c69ac3bba
40167910828e0bfe1a10299dde477716,39a4cf53-edcb-556a-87ac-758ec302baf9
403084a7257ba90a64303382a9c3d962,39a4cf53-edcb-556a-87ac-758ec302baf9
40c5587ae78be045a8100178c61804fe,b158b9fa-137f-59a5-930e-2981c3b6240c
40c9109dc7d6d8f887592fab5b568136,3e1f45e9-a809-5ed6-8c0d-38966ce0facf
40dd95d78e9f9d4db88a1867ba58f273,3b46bba8-e292-592b-90ac-52beb2cc3b49
40e43b828e788b9f76c9cd4ac14047f6,3b46bba8-e292-592b-90ac-52beb2cc3b49
40fd54ba1782d54aa8ad01eb623ef231,3e1f45e9-a809-5ed6-8c0d-38966ce0facf
415185ea244ea2b2bedeb0449b926802,3e1f45e9-a809-5ed6-8c0d-38966ce0facf
415185ea244ea2b2bedeb0449b926802,d7fe7f99-9ee9-5a98-819d-4cec2b23d3ef
4165bf765b104f142297ac41bf6be82d,d7fe7f99-9ee9-5a98-819d-4cec2b23d3ef
4248d81a41510810e7567e811e9f7bf9,3e1f45e9-a809-5ed6-8c0d-38966ce0facf
42795cb50177072187e80694b78b24d5,b158b9fa-137f-59a5-930e-2981c3b6240c
429f6b1bdce0425134f619436dac01a5,3b46bba8-e292-592b-90ac-52beb2cc3b49
42a6651f554fff68c0079e6fa1060455,3e1f45e9-a809-5ed6-8c0d-38966ce0facf
435f3fb1ffd46ff8a98d9c27d1154cc0,b158b9fa-137f-59a5-930e-2981c3b6240c
4361753da960ba00c3a5814a6ce4d90a,3b46bba8-e292-592b-90ac-52beb2cc3b49
43fdd83bade83eb9527c14136732e8bd,d7fe7f99-9ee9-5a98-819d-4cec2b23d3ef
44590aa922914066f965ae67be0222d2,3b46bba8-e292-592b-90ac-52beb2cc3b49
44590aa922914066f965ae67be0222d2,b0fed4f0-43b5-5415-b968-2c6c69ac3bba
4472c6b819331a62b444eb2e812dd836,e95299b4-9abf-57a3-9f75-1df0977f122d
44952df0150c9d260aed6e1f37694b1d,d7fe7f99-9ee9-5a98-819d-4cec2b23d3ef
451fbb024d0794ffcda2258170740a1e,03c48848-e564-5b45-b1dd-5771b91458de
4532bc679af69697727b802372e55c7f,7d4fbc48-32b2-5da4-8b4b-ca6f2881dfaf
453dc27c446bfbf836bea5005e2a596f,9ab13534-45ae-5a35-bb8c-d27adc602873
455bb1248ea4cbe9f8d65b10ecd428eb,3b46bba8-e292-592b-90ac-52beb2cc3b49
45624a44b89793087e9ef4d076018adb,b158b9fa-137f-59a5-930e-2981c3b6240c
4601592a3108cf30d5663d9a7bebb670,d7fe7f99-9ee9-5a98-819d-4cec2b23d3ef
470881798ff74abfe220bed52eb80c93,d7fe7f99-9ee9-5a98-819d-4cec2b23d3ef
473a22ce3330c60598404048b711df33,3e1f45e9-a809-5ed6-8c0d-38966ce0facf
47849b19e533626cf92f5455958e10c7,e95299b4-9abf-57a3-9f75-1df0977f122d
479274322a07d54810b51047d4dba6e4,3e1f45e9-a809-5ed6-8c0d-38966ce0facf
486df78f9ff9e4e2ccbcae9cd366e5a1,9ab13534-45ae-5a35-bb8c-d27adc602873
48b454e539ea33c2028f007fd948336c,b158b9fa-137f-59a5-930e-2981c3b6240c
48e4e597dcd28e04b75b187679433f17,e95299b4-9abf-57a3-9f75-1df0977f122d
48e78671c38c5a4d1029d80bd93a1efc,d7fe7f99-9ee9-5a98-819d-4cec2b23d3ef
48fbab00052197bc8bd943498b89dd71,d7fe7f99-9ee9-5a98-819d-4cec2b23d3ef
493d698e3ba25e939a96d651fad835a5,d7fe7f99-9ee9-5a98-819d-4cec2b23d3ef
4973315dc01cb10a3ab2b6f8d5b2335d,d7fe7f99-9ee9-5a98-819d-4cec2b23d3ef
4a50a4afa1794ce06cb2d1d78c546684,d7fe7f99-9ee9-5a98-819d-4cec2b23d3ef
4a65234500ac4107d7e86e507aa678ad,d7fe7f99-9ee9-5a98-819d-4cec2b23d3ef
4acd2d163785804fe9b706ca54146a47,3b46bba8-e292-592b-90ac-52beb2cc3b49
4afa19649ae378da31a423bcd78a97c8,b158b9fa-137f-59a5-930e-2981c3b6240c
4afa19649ae378da31a423bcd78a97c8,d7fe7f99-9ee9-5a98-819d-4cec2b23d3ef
4afe044911ed2c247005912512ace23b,d7fe7f99-9ee9-5a98-819d-4cec2b23d3ef
4afe044911ed2c247005912512ace23b,e95299b4-9abf-57a3-9f75-1df0977f122d
4b0d5865aef5cdcecf7e9a6ed45049ba,d7fe7f99-9ee9-5a98-819d-4cec2b23d3ef
4b3e5a17f1ff1dae9403e67af3644440,b0fed4f0-43b5-5415-b968-2c6c69ac3bba
4b777618f85e4ce92de27c69a6cc104c,d7fe7f99-9ee9-5a98-819d-4cec2b23d3ef
4bc5407d4bd54a144837d3862e44c510,39a4cf53-edcb-556a-87ac-758ec302baf9
4bc5407d4bd54a144837d3862e44c510,e95299b4-9abf-57a3-9f75-1df0977f122d
4be8980758be18d49b3f694e140b9b79,d7fe7f99-9ee9-5a98-819d-4cec2b23d3ef
4bfa2caff8f01cfe2df6095c0e888138,3b46bba8-e292-592b-90ac-52beb2cc3b49
4c52750ed0621c4228cb00aad51466b5,3e1f45e9-a809-5ed6-8c0d-38966ce0facf
4c71e11e978c222f0595861133c9fd62,d7fe7f99-9ee9-5a98-819d-4cec2b23d3ef
4d0c74741a724446170804ac048a1f30,d7fe7f99-9ee9-5a98-819d-4cec2b23d3ef
4d3d908e5d81d8a9047214dffdad5565,d7fe7f99-9ee9-5a98-819d-4cec2b23d3ef
4d6b3e38b952600251ee92fe603170ff,d7fe7f99-9ee9-5a98-819d-4cec2b23d3ef
4dc8561bc064ecf48381d76e16c143ba,b0fed4f0-43b5-5415-b968-2c6c69ac3bba
4dd650a88eeed2c86c758ffe6ea3ea99,d7fe7f99-9ee9-5a98-819d-4cec2b23d3ef
4e0556f88c9f498ad246fff7395e342a,e95299b4-9abf-57a3-9f75-1df0977f122d
4e5c28fe85ecfb5642b051c90a5c98a6,3e1f45e9-a809-5ed6-8c0d-38966ce0facf
4e9e5e0da0c793fb108216924fe91913,b0fed4f0-43b5-5415-b968-2c6c69ac3bba
4f00921114932db3f8662a41b44ee68f,7d4fbc48-32b2-5da4-8b4b-ca6f2881dfaf
4fc8ed929e539525e3590f1607718f97,d7fe7f99-9ee9-5a98-819d-4cec2b23d3ef
5011bf6d8a37692913fce3a15a51f070,e95299b4-9abf-57a3-9f75-1df0977f122d
50378012dacfe7994065fa5eafba5817,d7fe7f99-9ee9-5a98-819d-4cec2b23d3ef
5038a1018fc8e63093f4f1ce44b2f026,d7fe7f99-9ee9-5a98-819d-4cec2b23d3ef
504b7f668328dab60570f03ecfe47918,39a4cf53-edcb-556a-87ac-758ec302baf9
52569c045dc348f12dfc4c85000ad832,e95299b4-9abf-57a3-9f75-1df0977f122d
52617a23e4d77407a929468aa10e691f,d7fe7f99-9ee9-5a98-819d-4cec2b23d3ef
52723599e8b0efed3ffb41fbed196897,d7fe7f99-9ee9-5a98-819d-4cec2b23d3ef
532435c44bec236b471a47a88d63513d,3e1f45e9-a809-5ed6-8c0d-38966ce0facf
533a9c77aaf19735caedd442a4225e8d,d7fe7f99-9ee9-5a98-819d-4cec2b23d3ef
53665f9605171408e351f40421f4a3e9,e95299b4-9abf-57a3-9f75-1df0977f122d
53978d0ff7f4ae59afbc024aa52ee575,d7fe7f99-9ee9-5a98-819d-4cec2b23d3ef
539d1d6b8f55ee8e60f21eb12a23923c,d7fe7f99-9ee9-5a98-819d-4cec2b23d3ef
540cd185feee401082eab5ab7bd80ef0,d7fe7f99-9ee9-5a98-819d-4cec2b23d3ef
5420aad7fec3549a85876ba1c529bd84,d7fe7f99-9ee9-5a98-819d-4cec2b23d3ef
5464db3c6bf48f8c9c76df9a454dc04c,03c48848-e564-5b45-b1dd-5771b91458de
5501ab66f090ea6a3d882066073f71a0,3e1f45e9-a809-5ed6-8c0d-38966ce0facf
552f325741461e78b8a03ec5d4f05cda,03c48848-e564-5b45-b1dd-5771b91458de
55661481c917880158750900402d5f4a,e95299b4-9abf-57a3-9f75-1df0977f122d
55860148c155d60c6eec28c6ecbad099,d7fe7f99-9ee9-5a98-819d-4cec2b23d3ef
55e73fe853b3750ddc233b5449982edd,d7fe7f99-9ee9-5a98-819d-4cec2b23d3ef
562b0a5fab5a1475951bc63ebffb5196,d7fe7f99-9ee9-5a98-819d-4cec2b23d3ef
564c7f298c53e9654bff22d1d2e38855,7d4fbc48-32b2-5da4-8b4b-ca6f2881dfaf
564d57ba41256cf6011ac5a0da2a01a4,d7fe7f99-9ee9-5a98-819d-4cec2b23d3ef
564fa4ec699257ca9ed9e82b3d0141a6,b6918bea-aeb3-5821-ab5d-10d00144f919
56b995d526107acc22411692179ab18f,d7fe7f99-9ee9-5a98-819d-4cec2b23d3ef
56d62e0a032b170c325bfab66357cbba,b158b9fa-137f-59a5-930e-2981c3b6240c
5711c7db33ad75c30560231e9f158c19,3e1f45e9-a809-5ed6-8c0d-38966ce0facf
571e901b92052cd95d297b8e69d82847,39a4cf53-edcb-556a-87ac-758ec302baf9
571e901b92052cd95d297b8e69d82847,e95299b4-9abf-57a3-9f75-1df0977f122d
57b33ae6c0bf00c454900bea31d88893,b0fed4f0-43b5-5415-b968-2c6c69ac3bba
57b33ae6c0bf00c454900bea31d88893,d7fe7f99-9ee9-5a98-819d-4cec2b23d3ef
580796a888df897b38097bd6c1fdaa96,b0fed4f0-43b5-5415-b968-2c6c69ac3bba
580796a888df897b38097bd6c1fdaa96,d7fe7f99-9ee9-5a98-819d-4cec2b23d3ef
584b98aac2dddf59ee2cf19ca4ccb75e,82d6ee72-1c98-521b-9636-9b19816f0a74
5851e2380bd076115080454c5a2eabd1,39a4cf53-edcb-556a-87ac-758ec302baf9
587851d3926744ff0fa4e24d44916ccd,39a4cf53-edcb-556a-87ac-758ec302baf9
58f91a25a05d0c52047f385bc3d8eb06,d7fe7f99-9ee9-5a98-819d-4cec2b23d3ef
5945d7b2be2671ad4734906e3910103b,86fd3a85-0e49-556c-828e-0ed5332c7d94
5960da740b2265cd212a7500a88abb1f,d7fe7f99-9ee9-5a98-819d-4cec2b23d3ef
59646e8c81e4e487d6ccd2793ab48f08,d7fe7f99-9ee9-5a98-819d-4cec2b23d3ef
5992b388877a8904621d10e01348c2a2,e95299b4-9abf-57a3-9f75-1df0977f122d
59e8feb6e8f89133cb8c4a13ff21f365,d7fe7f99-9ee9-5a98-819d-4cec2b23d3ef
59f0abc5fb2ab8f6233a56f728d34d4f,b158b9fa-137f-59a5-930e-2981c3b6240c
5a2f1ffa6d120ae5210cc80b1403f53b,b158b9fa-137f-59a5-930e-2981c3b6240c
5a826a21993c0eeffc8546acb408d19f,39a4cf53-edcb-556a-87ac-758ec302baf9
5a8b79a23673894c8037e11e451383dd,7d4fbc48-32b2-5da4-8b4b-ca6f2881dfaf
5aa064b9aadf42cba3dbdb2a47822b67,9ab13534-45ae-5a35-bb8c-d27adc602873
5adaacd4531b78ff8b5cedfe3f4d5212,3b46bba8-e292-592b-90ac-52beb2cc3b49
5b041082d5c8cdf9563fa719565a3dcd,b158b9fa-137f-59a5-930e-2981c3b6240c
5b055431992e8aa1dbf6250c990af593,b158b9fa-137f-59a5-930e-2981c3b6240c
5b9f1d55e8bdd9523a763e2f9d6308bf,b158b9fa-137f-59a5-930e-2981c3b6240c
5bb808dbbc5401726f7073a168d1cda2,d7fe7f99-9ee9-5a98-819d-4cec2b23d3ef
5bd844f11fa520d54fa5edec06ea2507,d7fe7f99-9ee9-5a98-819d-4cec2b23d3ef
5bea063bc2c1ca8d5523483ac401a3ea,e95299b4-9abf-57a3-9f75-1df0977f122d
5c187d57afe56c1ba778bafe4ce78f2f,d7fe7f99-9ee9-5a98-819d-4cec2b23d3ef
5c28d5f67e0ef82fa7a7999f22301128,d7fe7f99-9ee9-5a98-819d-4cec2b23d3ef
5c73598cf44113db71d35a4a73395b41,b158b9fa-137f-59a5-930e-2981c3b6240c
5cbc7a96aa518558c6b9de50d01d5711,b158b9fa-137f-59a5-930e-2981c3b6240c
5cdc523d03ffbf758669c99bfa179412,d7fe7f99-9ee9-5a98-819d-4cec2b23d3ef
5d2e6fcc31da5ca5b8a9876bc34b8d2f,d7fe7f99-9ee9-5a98-819d-4cec2b23d3ef
5d84802b5bdd1d819166da75c6367f72,9ab13534-45ae-5a35-bb8c-d27adc602873
5da53bf710896c1b5589a683c7b9a720,d7fe7f99-9ee9-5a98-819d-4cec2b23d3ef
5db98ad3d38184a2f9db88f5bb1c62c1,d7fe7f99-9ee9-5a98-819d-4cec2b23d3ef
5ddc96c79f520e6dea74aa83cfe39dfa,d7fe7f99-9ee9-5a98-819d-4cec2b23d3ef
5de324619379794c7526d7e46471e622,39a4cf53-edcb-556a-87ac-758ec302baf9
5e090a8560021fb604b5327720fda471,3e1f45e9-a809-5ed6-8c0d-38966ce0facf
5e090a8560021fb604b5327720fda471,b0fed4f0-43b5-5415-b968-2c6c69ac3bba
5e4cc44491a4b38cd6926bc0872ecc53,39a4cf53-edcb-556a-87ac-758ec302baf9
5e4cc44491a4b38cd6926bc0872ecc53,e95299b4-9abf-57a3-9f75-1df0977f122d
5e9d17e41f784ae361ada1d0817186f6,d7fe7f99-9ee9-5a98-819d-4cec2b23d3ef
5f13003962a5540cd20b2d8dc37ad0db,b158b9fa-137f-59a5-930e-2981c3b6240c
5f1340c553b2829fd9b14d982d3a12d7,3e1f45e9-a809-5ed6-8c0d-38966ce0facf
5f1af61cd4b456c807f5e746a03b5fcc,3e1f45e9-a809-5ed6-8c0d-38966ce0facf
5f9dbce4dc1a13aa06a62bb18983c5c2,3e1f45e9-a809-5ed6-8c0d-38966ce0facf
5fa2cd04bf01afc77ac9802d372408cc,b0fed4f0-43b5-5415-b968-2c6c69ac3bba
5fd72679a654a1bbe957c0868b9ff978,03c48848-e564-5b45-b1dd-5771b91458de
605a51c211f35eb9434089138aa5d90a,d7fe7f99-9ee9-5a98-819d-4cec2b23d3ef
60731b62574b88ac996a4a395ffb2dee,b0fed4f0-43b5-5415-b968-2c6c69ac3bba
60e1deb043af37db5ea4ce9ae8d2c9ea,3e1f45e9-a809-5ed6-8c0d-38966ce0facf
60e1deb043af37db5ea4ce9ae8d2c9ea,d7fe7f99-9ee9-5a98-819d-4cec2b23d3ef
613a285f0e41daf490112d1ce53bdc53,39a4cf53-edcb-556a-87ac-758ec302baf9
613a285f0e41daf490112d1ce53bdc53,e95299b4-9abf-57a3-9f75-1df0977f122d
614752dabe88cd67bb5602c7062f1969,b158b9fa-137f-59a5-930e-2981c3b6240c
6246bbd28be0b22ff440cc5413329f36,b0fed4f0-43b5-5415-b968-2c6c69ac3bba
62b4610949b8dba0ff3b2716aaee7cc3,3e1f45e9-a809-5ed6-8c0d-38966ce0facf
62cad40760f3f3eb2c46dcebcc8598c6,39a4cf53-edcb-556a-87ac-758ec302baf9
62cad40760f3f3eb2c46dcebcc8598c6,e95299b4-9abf-57a3-9f75-1df0977f122d
631515c5ea62b21ed4879da6b7909a62,3e1f45e9-a809-5ed6-8c0d-38966ce0facf
63771e3e7738ed3048c3dc440023db38,b0fed4f0-43b5-5415-b968-2c6c69ac3bba
63771e3e7738ed3048c3dc440023db38,d7fe7f99-9ee9-5a98-819d-4cec2b23d3ef
6387b3c7211c4bcbdff0c3d7ab085a2d,d7fe7f99-9ee9-5a98-819d-4cec2b23d3ef
64464687eeaa82bb9d375af44f047657,d7fe7f99-9ee9-5a98-819d-4cec2b23d3ef
64a295107c8b2d150a3f68cf90c2609b,e95299b4-9abf-57a3-9f75-1df0977f122d
64ce463c6856e0e3867dea50033e8a29,39a4cf53-edcb-556a-87ac-758ec302baf9
656768ccafce0e29389ae018f4d00197,d7fe7f99-9ee9-5a98-819d-4cec2b23d3ef
658a6cbed2424d79c2d5bf15d8bee61d,d7fe7f99-9ee9-5a98-819d-4cec2b23d3ef
6590962dcc27aaa26e9475704fb39d06,d7fe7f99-9ee9-5a98-819d-4cec2b23d3ef
65a54865de989d0a6a60a8ad5b07e071,d7fe7f99-9ee9-5a98-819d-4cec2b23d3ef
65bdb5058248ffce0aded9953281b5b7,b0fed4f0-43b5-5415-b968-2c6c69ac3bba
65c6f9e287ec3396a9f06843e46e26f8,3b46bba8-e292-592b-90ac-52beb2cc3b49
6627cb43d5ac527fb8853e28347f5b31,b0fed4f0-43b5-5415-b968-2c6c69ac3bba
67b02478290726e5d8fd8b1fc88bf2f2,3b46bba8-e292-592b-90ac-52beb2cc3b49
67f7fb873eaf29526a11a9b7ac33bfac,d7fe7f99-9ee9-5a98-819d-4cec2b23d3ef
67ff32d40fb51f1a2fd2c4f1b1019785,7699c356-2bfe-5dfb-8f9b-e0ed0603080b
67ff32d40fb51f1a2fd2c4f1b1019785,b6918bea-aeb3-5821-ab5d-10d00144f919
67ff32d40fb51f1a2fd2c4f1b1019785,d7fe7f99-9ee9-5a98-819d-4cec2b23d3ef
6869528ae0571f15436aa0b53d46bed3,3e1f45e9-a809-5ed6-8c0d-38966ce0facf
687d1881228934085181a7370222ffff,e95299b4-9abf-57a3-9f75-1df0977f122d
68b6750f851a563726df638d91c73c5f,d7fe7f99-9ee9-5a98-819d-4cec2b23d3ef
696a4dfa87005bc430463e01908bbfbb,3b46bba8-e292-592b-90ac-52beb2cc3b49
69c9986bebfa64759a9141e8002b1012,e95299b4-9abf-57a3-9f75-1df0977f122d
69dafe8b58066478aea48f3d0f384820,e95299b4-9abf-57a3-9f75-1df0977f122d
6a12d7ebc27cae44623468302c47ad74,3e1f45e9-a809-5ed6-8c0d-38966ce0facf
6ac4e79809fe3d378df4d09b831a2890,9ab13534-45ae-5a35-bb8c-d27adc602873
6ac7d09cc1346246334d3c152e393289,3b46bba8-e292-592b-90ac-52beb2cc3b49
6af61fb573a8011b0b15832b1c9201d3,d7fe7f99-9ee9-5a98-819d-4cec2b23d3ef
6b479a29fe192bbdf1f628fb593a617e,39a4cf53-edcb-556a-87ac-758ec302baf9
6b9a62f321912f4eff65b8444cbc8343,d7fe7f99-9ee9-5a98-819d-4cec2b23d3ef
6c96bb27b0b07e8156bde180fad41ef8,3e1f45e9-a809-5ed6-8c0d-38966ce0facf
6cf4a27cc1cc0b29106b16cd98128986,82d6ee72-1c98-521b-9636-9b19816f0a74
6d3478919dc0caada8d7b0fa429fecbf,b158b9fa-137f-59a5-930e-2981c3b6240c
6dac581152a501a56eb5a929e1ac61ae,e95299b4-9abf-57a3-9f75-1df0977f122d
6e17a5fd135fcaf4b49f2860c2474c7c,e95299b4-9abf-57a3-9f75-1df0977f122d
6e1fc6912389499cabc9de87b5e87eaf,e95299b4-9abf-57a3-9f75-1df0977f122d
6e3fac4d57b85e6f0f4f712dc823ea7d,9ab13534-45ae-5a35-bb8c-d27adc602873
6e4058e17e1714a8f109cd932599a83d,3e1f45e9-a809-5ed6-8c0d-38966ce0facf
6e82819cea3e74d64b751dec8f3ad1a8,e95299b4-9abf-57a3-9f75-1df0977f122d
6eae53432c0cd966788198cd276246a3,3e1f45e9-a809-5ed6-8c0d-38966ce0facf
6ec522eaff4f90c3a24e262737e50b90,39a4cf53-edcb-556a-87ac-758ec302baf9
6ec522eaff4f90c3a24e262737e50b90,e95299b4-9abf-57a3-9f75-1df0977f122d
6f7fcdd58aa703d420609c5a8a77917c,3e1f45e9-a809-5ed6-8c0d-38966ce0facf
6f924a3339a5290dfb2f72d60e4c4c95,e95299b4-9abf-57a3-9f75-1df0977f122d
6fc522837b90a63a8ab9cd9c145598bf,9ab13534-45ae-5a35-bb8c-d27adc602873
705e2dd2077bc06fbc5e2c754e75e500,d7fe7f99-9ee9-5a98-819d-4cec2b23d3ef
70c59be31a2121be9f076e9cce4a2da5,3e1f45e9-a809-5ed6-8c0d-38966ce0facf
70fd552abd4a59e6d285c867c8f69747,7699c356-2bfe-5dfb-8f9b-e0ed0603080b
7154915f6185fa419264f64242d987d0,d7fe7f99-9ee9-5a98-819d-4cec2b23d3ef
71619336822211c5450e8ef962d61e63,3e1f45e9-a809-5ed6-8c0d-38966ce0facf
716251fa2f6b37bc0b80ee094941f79f,3e1f45e9-a809-5ed6-8c0d-38966ce0facf
71811bc0ed2721b5a2c63d6947e34178,b158b9fa-137f-59a5-930e-2981c3b6240c
718d28fd46bba822dd9a048fda8ffa06,3b46bba8-e292-592b-90ac-52beb2cc3b49
71aa0e6f8d0c6ca562b04edfa5ee5cce,d7fe7f99-9ee9-5a98-819d-4cec2b23d3ef
72b92f5ef1ba908c5abf120cbab471c9,d7fe7f99-9ee9-5a98-819d-4cec2b23d3ef
72fc22aa629ddbd2f424b8fa2100fd11,3e1f45e9-a809-5ed6-8c0d-38966ce0facf
72fc22aa629ddbd2f424b8fa2100fd11,e95299b4-9abf-57a3-9f75-1df0977f122d
731c83db8d2ff01bdc000083fd3c3740,b0fed4f0-43b5-5415-b968-2c6c69ac3bba
7330078fdc845e7a6f781486b798aeb8,3e1f45e9-a809-5ed6-8c0d-38966ce0facf
73a2ef803debeee21de0e42f9c91aa6c,3e1f45e9-a809-5ed6-8c0d-38966ce0facf
73a690e52d5ed082dd0728e516896a9d,e95299b4-9abf-57a3-9f75-1df0977f122d
73be0ffd7e53dd8b45432c2a3b2fa133,e95299b4-9abf-57a3-9f75-1df0977f122d
73fb49c5aebae2a4dfe3cf4841c70037,e95299b4-9abf-57a3-9f75-1df0977f122d
742beee20e6d828dada4a2523e75df59,b0fed4f0-43b5-5415-b968-2c6c69ac3bba
74627b65e6e6a4c21e06809b8e02114a,d7fe7f99-9ee9-5a98-819d-4cec2b23d3ef
746e60af033af91289867fa75d7d0d28,d7fe7f99-9ee9-5a98-819d-4cec2b23d3ef
74a9ddf3612e360a288b80152016afb6,3e1f45e9-a809-5ed6-8c0d-38966ce0facf
74d90aafda34e6060f9e8433962d14fd,d7fe7f99-9ee9-5a98-819d-4cec2b23d3ef
74eab6dfbe71a0abad274662773cf9f8,3b46bba8-e292-592b-90ac-52beb2cc3b49
74ee4235a92cc9877651d56df5afc9db,d7fe7f99-9ee9-5a98-819d-4cec2b23d3ef
74f675478288d8b311e9700809ad06a1,b158b9fa-137f-59a5-930e-2981c3b6240c
750aeb67439393a45cc37618e2db243c,e95299b4-9abf-57a3-9f75-1df0977f122d
75ac2c91d93efba8651671f18ec013d0,3b46bba8-e292-592b-90ac-52beb2cc3b49
75ac2c91d93efba8651671f18ec013d0,b0fed4f0-43b5-5415-b968-2c6c69ac3bba
76263181b290d67101c5c3098bf37e65,e95299b4-9abf-57a3-9f75-1df0977f122d
766ee31b94d799e364156ce468ad97e0,d7fe7f99-9ee9-5a98-819d-4cec2b23d3ef
76c2f1b4a1f0bfbbff4a4789d9d82630,e95299b4-9abf-57a3-9f75-1df0977f122d
76dbc5987fc1335a02c7a31c5d3e3ecf,7699c356-2bfe-5dfb-8f9b-e0ed0603080b
76dd66f823899ab68311e167cb7811d0,d7fe7f99-9ee9-5a98-819d-4cec2b23d3ef
7703d5117eed8746dea1630f0017b325,e95299b4-9abf-57a3-9f75-1df0977f122d
77353a99694895eaa2ac8d8d36d44389,b158b9fa-137f-59a5-930e-2981c3b6240c
7742abdbfa802f78fc3102d8d288862c,3b46bba8-e292-592b-90ac-52beb2cc3b49
780344684f7234baee7e426eb5410e18,e95299b4-9abf-57a3-9f75-1df0977f122d
795c3462ab3ff1ca2cfd3b3b995ee44b,d7fe7f99-9ee9-5a98-819d-4cec2b23d3ef
79bd607218f66b75a14ecf6796f830f7,d7fe7f99-9ee9-5a98-819d-4cec2b23d3ef
79eeb7d4788ea0a7d8eec2b0d456a582,e95299b4-9abf-57a3-9f75-1df0977f122d
7a4af887de797bed3dd35ab15bdaccfc,e95299b4-9abf-57a3-9f75-1df0977f122d
7a9b5c7b0539328738769bf71b8d4a78,3e1f45e9-a809-5ed6-8c0d-38966ce0facf
7ab588608ca01aa95bc4d79727bbcdb4,b158b9fa-137f-59a5-930e-2981c3b6240c
7b161b06fd8e878857776564f4430bf3,d7fe7f99-9ee9-5a98-819d-4cec2b23d3ef
7b1975485ed045853b3f58d419f051c4,d7fe7f99-9ee9-5a98-819d-4cec2b23d3ef
7b37df42594254a19e470fe464823481,b158b9fa-137f-59a5-930e-2981c3b6240c
7b4aa9bcbba3b6283b6fdf6db338b73e,3e1f45e9-a809-5ed6-8c0d-38966ce0facf
7b54b6662765c0edd18b55f2f8ccc3a7,b0fed4f0-43b5-5415-b968-2c6c69ac3bba
7b5b3fa4cc86332b6db3b0cca9bc8201,b0fed4f0-43b5-5415-b968-2c6c69ac3bba
7bd1776a1c0f6c8cc82fc5497019b315,3b46bba8-e292-592b-90ac-52beb2cc3b49
7be0c786a99bd3c02fc15bfb7e2bd1c6,b0fed4f0-43b5-5415-b968-2c6c69ac3bba
7c893ff6c349410b55b6daca23707cda,d7fe7f99-9ee9-5a98-819d-4cec2b23d3ef
7cdf534b0147f2613705c9f45b5883e7,3e1f45e9-a809-5ed6-8c0d-38966ce0facf
7cfabaadf574700a1c3c515b3b72c0d9,d7fe7f99-9ee9-5a98-819d-4cec2b23d3ef
7dc8b441cf4e6fe9bc806679c4579e68,3e1f45e9-a809-5ed6-8c0d-38966ce0facf
7dc8b441cf4e6fe9bc806679c4579e68,d7fe7f99-9ee9-5a98-819d-4cec2b23d3ef
7e17d0c35a490f3af69c0f3b8e6c942a,e95299b4-9abf-57a3-9f75-1df0977f122d
7e2089d4f1eda5cacd1e8f7ac4267d60,e95299b4-9abf-57a3-9f75-1df0977f122d
7e6b20d014d1c659e4eaf20dc2dcd7eb,3b46bba8-e292-592b-90ac-52beb2cc3b49
7e6b20d014d1c659e4eaf20dc2dcd7eb,3e1f45e9-a809-5ed6-8c0d-38966ce0facf
7e6b20d014d1c659e4eaf20dc2dcd7eb,86fd3a85-0e49-556c-828e-0ed5332c7d94
7e6b20d014d1c659e4eaf20dc2dcd7eb,b0fed4f0-43b5-5415-b968-2c6c69ac3bba
7e6b20d014d1c659e4eaf20dc2dcd7eb,d7fe7f99-9ee9-5a98-819d-4cec2b23d3ef
7e6b20d014d1c659e4eaf20dc2dcd7eb,e95299b4-9abf-57a3-9f75-1df0977f122d
7ea7dc8391d3aa429cedbd5a7d2be81c,d7fe7f99-9ee9-5a98-819d-4cec2b23d3ef
7eb38c169d0faad77374895a8bdc24c5,7699c356-2bfe-5dfb-8f9b-e0ed0603080b
7ebfcd4cee9d7e11d9d933fca7146fc3,e95299b4-9abf-57a3-9f75-1df0977f122d
7ee28148813683f4145d036729b47c53,b158b9fa-137f-59a5-930e-2981c3b6240c
7f192acc10487d1540913dc71722a6ec,3b46bba8-e292-592b-90ac-52beb2cc3b49
7fd1feb347f91c76ed26697aa827db24,d7fe7f99-9ee9-5a98-819d-4cec2b23d3ef
80412ad3eeb51cc8d560ff5f282792cb,7d4fbc48-32b2-5da4-8b4b-ca6f2881dfaf
80602e4b84ed0287fdb4169f3e7150d3,39a4cf53-edcb-556a-87ac-758ec302baf9
80602e4b84ed0287fdb4169f3e7150d3,e95299b4-9abf-57a3-9f75-1df0977f122d
810b8ee8c843533b630304d7619296eb,3e1f45e9-a809-5ed6-8c0d-38966ce0facf
8127d874fd2ff0bcc8a9d665b0a86343,d7fe7f99-9ee9-5a98-819d-4cec2b23d3ef
81806310ceb63abde235768f68e2adb5,3e1f45e9-a809-5ed6-8c0d-38966ce0facf
818970f7425c6814e7faff669bace8b6,e95299b4-9abf-57a3-9f75-1df0977f122d
81cec57ec385869fcbd34da268207b68,3e1f45e9-a809-5ed6-8c0d-38966ce0facf
820fd5d1a4cd8310745400a2294ad19c,d7fe7f99-9ee9-5a98-819d-4cec2b23d3ef
8231d402fdfaad485eceaba30ba20362,3e1f45e9-a809-5ed6-8c0d-38966ce0facf
823c604d7cdf0ddc94537abbf8c487aa,3e1f45e9-a809-5ed6-8c0d-38966ce0facf
824f4a3b5ce4a4c9d3efe094eed03ee8,3e1f45e9-a809-5ed6-8c0d-38966ce0facf
8286da062e385e3519c57b220e221ee2,3e1f45e9-a809-5ed6-8c0d-38966ce0facf
832ea3602bf58a65f657f5a0373cafb0,d7fe7f99-9ee9-5a98-819d-4cec2b23d3ef
835cbd662a4415e2d90079975407c197,e95299b4-9abf-57a3-9f75-1df0977f122d
8447cad683eb3d546136d1d121462785,82d6ee72-1c98-521b-9636-9b19816f0a74
84864d522e18277f1c33a177c58c367a,d7fe7f99-9ee9-5a98-819d-4cec2b23d3ef
849bf21c86be13c7d0a3f6601c3ae556,3b46bba8-e292-592b-90ac-52beb2cc3b49
84b64e537f08e81b8dea8cce972a28b2,d7fe7f99-9ee9-5a98-819d-4cec2b23d3ef
857069197a26ae96661390f6b5bc6921,d7fe7f99-9ee9-5a98-819d-4cec2b23d3ef
85775b025f93f62e3c611e79980b1f2b,d7fe7f99-9ee9-5a98-819d-4cec2b23d3ef
85964acbaa00690472fbacd6a419a4b5,b0fed4f0-43b5-5415-b968-2c6c69ac3bba
85cab5752d98505384cb630eb53f6c4d,3b46bba8-e292-592b-90ac-52beb2cc3b49
861998345083ec3d1e410eb10edfbf63,3e1f45e9-a809-5ed6-8c0d-38966ce0facf
86509374a1856b040576af0ba6a591ef,9ab13534-45ae-5a35-bb8c-d27adc602873
869ff793693af278a620e78e12e6ddd6,d7fe7f99-9ee9-5a98-819d-4cec2b23d3ef
86b19e2139f7e5ebb30a8f21c49cc583,e95299b4-9abf-57a3-9f75-1df0977f122d
873d3dde456f9086ee0e7815452ad415,e95299b4-9abf-57a3-9f75-1df0977f122d
8754858bb97d63a97605d085e368da67,3e1f45e9-a809-5ed6-8c0d-38966ce0facf
87d4768bfda7c2ff0a7237ed47467b81,b0fed4f0-43b5-5415-b968-2c6c69ac3bba
87ef2b2f6c6114e89173f4537ca05b24,e95299b4-9abf-57a3-9f75-1df0977f122d
88a2cd512fd00eff2f816fce9a689bf3,d7fe7f99-9ee9-5a98-819d-4cec2b23d3ef
88b906878e40429a8aa95385c98c3ba1,d7fe7f99-9ee9-5a98-819d-4cec2b23d3ef
891523a7cf534a8393f8cd0d860ca93a,e95299b4-9abf-57a3-9f75-1df0977f122d
892f276ef9bd87c8251bd075227d5ea4,d7fe7f99-9ee9-5a98-819d-4cec2b23d3ef
897c81ff278ce38dc02670a0ecf4c7e3,3b46bba8-e292-592b-90ac-52beb2cc3b49
8999714b474171439f0c56236609a287,b0fed4f0-43b5-5415-b968-2c6c69ac3bba
89d91a0e383e5d6b1eda1c66b602b176,d7fe7f99-9ee9-5a98-819d-4cec2b23d3ef
89e6ecc9a613241c85474de67ac22280,86fd3a85-0e49-556c-828e-0ed5332c7d94
8a047835eb808d3395908dc2686ffb67,3e1f45e9-a809-5ed6-8c0d-38966ce0facf
8a36dfc67ebfbbea9bd01cd8a4c8ad32,d7fe7f99-9ee9-5a98-819d-4cec2b23d3ef
8a77d56f1870ff275c5562d15c1661f5,d7fe7f99-9ee9-5a98-819d-4cec2b23d3ef
8a85ef2fb520e01d557d3bc3187bba61,3e1f45e9-a809-5ed6-8c0d-38966ce0facf
8ad336eb2c5a2eb3c5c9554ef1182182,e95299b4-9abf-57a3-9f75-1df0977f122d
8aea657fe00e3738089cf4f11b621347,7699c356-2bfe-5dfb-8f9b-e0ed0603080b
8aef617cac59756bd02c179b3d4d6cd9,3e1f45e9-a809-5ed6-8c0d-38966ce0facf
8b345fc4182ed948c4a26fda4c96c2cd,3e1f45e9-a809-5ed6-8c0d-38966ce0facf
8b391eb363be75f4a75f0da2c7c19b2f,e95299b4-9abf-57a3-9f75-1df0977f122d
8ba23d23ce49f63d802d34b1bceebfe1,d7fe7f99-9ee9-5a98-819d-4cec2b23d3ef
8bb0a22973460f03adf55561ab33d4ac,b0fed4f0-43b5-5415-b968-2c6c69ac3bba
8bea3d0f4ef2e9807553575ab8106ad5,e95299b4-9abf-57a3-9f75-1df0977f122d
8bfc1e45f5f2396a958ca01ac997b94e,39a4cf53-edcb-556a-87ac-758ec302baf9
8c48ad118f0a41fc4a1e228a59dbb685,d7fe7f99-9ee9-5a98-819d-4cec2b23d3ef
8ce04e524df79af1912bf35f437997ea,d7fe7f99-9ee9-5a98-819d-4cec2b23d3ef
8d1e0c696df238bc7994d40eb1bd2de7,9ab13534-45ae-5a35-bb8c-d27adc602873
8d1eb32c48aad38d18816350f9ef0385,3e1f45e9-a809-5ed6-8c0d-38966ce0facf
8d5d0d4a724123254b3e1aa57e4f5985,e95299b4-9abf-57a3-9f75-1df0977f122d
8d5f636960e0c4dc2325a575dfc132e4,3e1f45e9-a809-5ed6-8c0d-38966ce0facf
8da1b18f8171f51b163bad1fd1445ec5,d7fe7f99-9ee9-5a98-819d-4cec2b23d3ef
8dddb844b27d654179dcd7f42486daa4,3e1f45e9-a809-5ed6-8c0d-38966ce0facf
8deddf03f08b1252c7983c2c650c0410,e95299b4-9abf-57a3-9f75-1df0977f122d
8e679e22e3b5b265adb99a416fa6f820,3e1f45e9-a809-5ed6-8c0d-38966ce0facf
8e9a9c943610784830e653d5443a2b3b,39a4cf53-edcb-556a-87ac-758ec302baf9
8e9a9c943610784830e653d5443a2b3b,e95299b4-9abf-57a3-9f75-1df0977f122d
8ee53fa0866db321812bb53757930938,d7fe7f99-9ee9-5a98-819d-4cec2b23d3ef
8ee9b1575801396ddc2b8d5420e28e47,b158b9fa-137f-59a5-930e-2981c3b6240c
8f0a274d34d9674d432d7820937d076b,e95299b4-9abf-57a3-9f75-1df0977f122d
8f0a85bc9dacb885dd91ab539f5e6464,d7fe7f99-9ee9-5a98-819d-4cec2b23d3ef
8f82c3fc249a64886bb849253917e7ac,7699c356-2bfe-5dfb-8f9b-e0ed0603080b
8f8a5dfb058f7bb6b0ec046b3f24827f,d7fe7f99-9ee9-5a98-819d-4cec2b23d3ef
8fa355b33103083dea7983e1ed1db58e,3e1f45e9-a809-5ed6-8c0d-38966ce0facf
8fc775fece4d20cc765c0b686126d257,3b46bba8-e292-592b-90ac-52beb2cc3b49
8ff5c9d4d708d8a211307968e12c340e,3e1f45e9-a809-5ed6-8c0d-38966ce0facf
8ffe31adc162f1560f2b42dda4437122,d7fe7f99-9ee9-5a98-819d-4cec2b23d3ef
9001f33bfaa275644c8f8887bd21ca37,3e1f45e9-a809-5ed6-8c0d-38966ce0facf
902cc14d3f2b3d373eabdd421ac21586,b0fed4f0-43b5-5415-b968-2c6c69ac3bba
90aaf90d70201a52b4a8b26107df591f,82d6ee72-1c98-521b-9636-9b19816f0a74
9111aa5bef3f0de7ffb46447f0fe687c,d7fe7f99-9ee9-5a98-819d-4cec2b23d3ef
911cb96a12dbcf80624a16fc5d02e8c5,d7fe7f99-9ee9-5a98-819d-4cec2b23d3ef
912c7775f561b3201cc7fd2548aed49c,b158b9fa-137f-59a5-930e-2981c3b6240c
91cea7a77bc9a74e28ff281f17756e21,3e1f45e9-a809-5ed6-8c0d-38966ce0facf
9248d1f30c57e52b2368d51fbde80a15,3e1f45e9-a809-5ed6-8c0d-38966ce0facf
926d2a9063da6fbec346e07f57f33f79,3e1f45e9-a809-5ed6-8c0d-38966ce0facf
9289245d10c048844d92cc8b53373b0b,e95299b4-9abf-57a3-9f75-1df0977f122d
92ce86fa2e1870afa90c4c1f3327a5d0,3b46bba8-e292-592b-90ac-52beb2cc3b49
92f1d173fce5bf26e870c8210eed1a5d,3e1f45e9-a809-5ed6-8c0d-38966ce0facf
932852ca4bb7baf2c794b5c29bdc6002,b0fed4f0-43b5-5415-b968-2c6c69ac3bba
93478be15155f146d40e1f463b2fce08,e95299b4-9abf-57a3-9f75-1df0977f122d
934b535800b1cba8f96a5d72f72f1611,e95299b4-9abf-57a3-9f75-1df0977f122d
93d5ca29f98b861cb7d3317c5132b7e8,3e1f45e9-a809-5ed6-8c0d-38966ce0facf
93ea2c08921da923469be0b23992c65b,3e1f45e9-a809-5ed6-8c0d-38966ce0facf
9407c826d8e3c07ad37cb2d13d1cb641,3b46bba8-e292-592b-90ac-52beb2cc3b49
9436c159f44721f572aef9ed8aac53cb,3e1f45e9-a809-5ed6-8c0d-38966ce0facf
9498fc35d355179cbcd1abb25ba1c045,3e1f45e9-a809-5ed6-8c0d-38966ce0facf
94e97c1a17985c1380d61b77d71c63e9,9ab13534-45ae-5a35-bb8c-d27adc602873
9529fbba677729d3206b3b9073d1e9ca,3b46bba8-e292-592b-90ac-52beb2cc3b49
953709deeff901f15f3b7c4f57704c58,3e1f45e9-a809-5ed6-8c0d-38966ce0facf
959776b99b006e5785c3a3364949ce47,39a4cf53-edcb-556a-87ac-758ec302baf9
95b927c3e804de7dee637238ccc5a1e3,3e1f45e9-a809-5ed6-8c0d-38966ce0facf
95c566d6b62ed50ef3b93f2e697ed55c,d7fe7f99-9ee9-5a98-819d-4cec2b23d3ef
96055f5b06bf9381ac43879351642cf5,3b46bba8-e292-592b-90ac-52beb2cc3b49
96379d472a2e0a86a0c5f798037510b0,d7fe7f99-9ee9-5a98-819d-4cec2b23d3ef
963f549485ccf8e7b7c7d9af4016fc20,3e1f45e9-a809-5ed6-8c0d-38966ce0facf
965e165d39ff6ba3da4d8de5d256df2f,d7fe7f99-9ee9-5a98-819d-4cec2b23d3ef
96c1eac3f7c24729d7618dc8295e9989,39a4cf53-edcb-556a-87ac-758ec302baf9
96d7d69a2ad2b34b45aab433a53c285c,b0fed4f0-43b5-5415-b968-2c6c69ac3bba
97cbc42bf29a147e4a2c287664032734,3e1f45e9-a809-5ed6-8c0d-38966ce0facf
98847c29ca78ab9df697ad1e51323631,d7fe7f99-9ee9-5a98-819d-4cec2b23d3ef
99268c79c3a4baa45ea7af682c5cd4e9,b0fed4f0-43b5-5415-b968-2c6c69ac3bba
9976473e5d3a3143ced6cf1511098e5b,d7fe7f99-9ee9-5a98-819d-4cec2b23d3ef
999191249e405025a0e7074a4204a26a,b158b9fa-137f-59a5-930e-2981c3b6240c
9a007427c682b0f72df0553326a80158,e95299b4-9abf-57a3-9f75-1df0977f122d
9a507117948fa0ea2575abe0ec4811d7,d7fe7f99-9ee9-5a98-819d-4cec2b23d3ef
9b644ca9f37e3699ddf2055800130aa9,3b46bba8-e292-592b-90ac-52beb2cc3b49
9b6ad4aa1295bfd7fe6dd0eff89a22c8,9ab13534-45ae-5a35-bb8c-d27adc602873
9b8f3bdcdabb2a891184c23204ffee95,d7fe7f99-9ee9-5a98-819d-4cec2b23d3ef
9babcce15bd37b3d94a2e9eef0a4436c,e95299b4-9abf-57a3-9f75-1df0977f122d
9bb7fe82e37656ff800c039691c3e941,3e1f45e9-a809-5ed6-8c0d-38966ce0facf
9bc97163f3f1690765bdb467d1dac8cb,7699c356-2bfe-5dfb-8f9b-e0ed0603080b
9da1ba64bd8d818be9b186ce8f72d932,d7fe7f99-9ee9-5a98-819d-4cec2b23d3ef
9e222de48bbfc1127c23a08e9b6eb543,3e1f45e9-a809-5ed6-8c0d-38966ce0facf
9e39d6712d9c1c03c11e6c9ba3796589,d7fe7f99-9ee9-5a98-819d-4cec2b23d3ef
9e5874334170eda8f6b34eaf15a833d5,3e1f45e9-a809-5ed6-8c0d-38966ce0facf
9ee4b98c63fa4281831cf7d073fa991a,b158b9fa-137f-59a5-930e-2981c3b6240c
9efe225e355ddebf7c743b5f30bc6d17,3e1f45e9-a809-5ed6-8c0d-38966ce0facf
9f319422ca17b1082ea49820353f14ab,39a4cf53-edcb-556a-87ac-758ec302baf9
9f472979fd99790ac63c48a95fd9444a,3e1f45e9-a809-5ed6-8c0d-38966ce0facf
9f545906342d415a682a8e40b72989b8,d7fe7f99-9ee9-5a98-819d-4cec2b23d3ef
9f5efbb87b98496767db736707e20776,d7fe7f99-9ee9-5a98-819d-4cec2b23d3ef
9f6af940ed5b9e64f7ceb80c9e7f98d5,b158b9fa-137f-59a5-930e-2981c3b6240c
9f6af940ed5b9e64f7ceb80c9e7f98d5,d7fe7f99-9ee9-5a98-819d-4cec2b23d3ef
9fac6b3ef53d98ee0816dba1eea78829,d7fe7f99-9ee9-5a98-819d-4cec2b23d3ef
9ff3c92500a5a06f5e5717534f6304e2,39a4cf53-edcb-556a-87ac-758ec302baf9
a01d5aa9778928f6a9fcc85c76647954,e95299b4-9abf-57a3-9f75-1df0977f122d
a13e5e48ef7765de91fa24d3acffbc22,e95299b4-9abf-57a3-9f75-1df0977f122d
a17fcbe375029141636bb82964df3b3e,e95299b4-9abf-57a3-9f75-1df0977f122d
a19d57d5a4fdad93dd087402ca1e48ee,82d6ee72-1c98-521b-9636-9b19816f0a74
a1c71c39960b5a78390f61392e594234,d7fe7f99-9ee9-5a98-819d-4cec2b23d3ef
a1e1f162f218dfeee8c0eb887f0c57d0,d7fe7f99-9ee9-5a98-819d-4cec2b23d3ef
a207e4948f83e4bd5de057d5edd2ab1d,b158b9fa-137f-59a5-930e-2981c3b6240c
a23f36e3ea6c7f2bbaba7b449fc687be,3e1f45e9-a809-5ed6-8c0d-38966ce0facf
a241c00a03bc2e135a61c0736b520b45,3b46bba8-e292-592b-90ac-52beb2cc3b49
a2b8a85a29b2d64ad6f47275bf1360c6,39a4cf53-edcb-556a-87ac-758ec302baf9
a32bb80e7a719aa403af1c4ee49a2d86,d7fe7f99-9ee9-5a98-819d-4cec2b23d3ef
a35383e2a5582a7f2fd3ea0b04fe8895,3e1f45e9-a809-5ed6-8c0d-38966ce0facf
a35fe7f7fe8217b4369a0af4244d1fca,d7fe7f99-9ee9-5a98-819d-4cec2b23d3ef
a4bd8a9cebaf1d4a400237813538b352,3b46bba8-e292-592b-90ac-52beb2cc3b49
a54b3965042d69e6f4154af9f751d4a5,3b46bba8-e292-592b-90ac-52beb2cc3b49
a5b564f638f409e68b3f7e0aae45d366,d7fe7f99-9ee9-5a98-819d-4cec2b23d3ef
a5b564f638f409e68b3f7e0aae45d366,e95299b4-9abf-57a3-9f75-1df0977f122d
a652e914c736dfaf8a6667ae6936f0d6,d7fe7f99-9ee9-5a98-819d-4cec2b23d3ef
a678dce5052b32dc9d8866b906c3cb6d,7d4fbc48-32b2-5da4-8b4b-ca6f2881dfaf
a67e114f4c33c4d2834ef5d79a9f79b6,d7fe7f99-9ee9-5a98-819d-4cec2b23d3ef
a67f096809415ca1c9f112d96d27689b,39a4cf53-edcb-556a-87ac-758ec302baf9
a70d203595d3440c511b453d76e186d7,3b46bba8-e292-592b-90ac-52beb2cc3b49
a7b31b1030fdbd5b2a2cbb34f25fa9c4,e95299b4-9abf-57a3-9f75-1df0977f122d
a847d8c9e0300eba20b8550606c53081,39a4cf53-edcb-556a-87ac-758ec302baf9
a847d8c9e0300eba20b8550606c53081,e95299b4-9abf-57a3-9f75-1df0977f122d
a8bd8b9d75fcb20206b75432db9953af,d7fe7f99-9ee9-5a98-819d-4cec2b23d3ef
a8c050c6bab28905e51668a676fcad9d,d7fe7f99-9ee9-5a98-819d-4cec2b23d3ef
a8d1f717ebbf8d6baae0a8f3a3068daa,9ab13534-45ae-5a35-bb8c-d27adc602873
a8fc21015db4f75ac1bc2269f1e2a58e,d7fe7f99-9ee9-5a98-819d-4cec2b23d3ef
a912cda6072c73a0ff4e4acd604d7b7e,d7fe7f99-9ee9-5a98-819d-4cec2b23d3ef
a96ac6b84857275fb3795b1bdbb9ed91,e95299b4-9abf-57a3-9f75-1df0977f122d
a9704d9b3afd48e2e86aa6e07978ba2b,e95299b4-9abf-57a3-9f75-1df0977f122d
a998faca02bc54db471c63d9cd51ed3f,d7fe7f99-9ee9-5a98-819d-4cec2b23d3ef
a9b7707c9526e3ecd1954c1dc04da141,e95299b4-9abf-57a3-9f75-1df0977f122d
a9ba663503409ad3f595c56bc0b360d1,d7fe7f99-9ee9-5a98-819d-4cec2b23d3ef
a9e388897a108c6851aa339173785819,e95299b4-9abf-57a3-9f75-1df0977f122d
a9ffafb968f13a1c15194a341a928f77,d7fe7f99-9ee9-5a98-819d-4cec2b23d3ef
aa5d41cde6b5604b8efe0b4f2a1cf90a,9ab13534-45ae-5a35-bb8c-d27adc602873
aaa692183957685e0f5b7f149b82e3ff,d7fe7f99-9ee9-5a98-819d-4cec2b23d3ef
aad21787ac6487a4c71234ac4141e1a8,e95299b4-9abf-57a3-9f75-1df0977f122d
ab776ab6a774533b53889a8d45855132,67be6bfb-a0b2-5688-bb30-ea592c24dee1
abb16ef6b04af2bb9fd9212eb5c60605,e95299b4-9abf-57a3-9f75-1df0977f122d
abba0e9fab59e0482a110f7cca62883f,b0fed4f0-43b5-5415-b968-2c6c69ac3bba
ac5345260906032ae648ca6da57dbb3d,d7fe7f99-9ee9-5a98-819d-4cec2b23d3ef
ac909707722279dced6b3d6d2d646fa4,d7fe7f99-9ee9-5a98-819d-4cec2b23d3ef
aca49ea420d300b15d4798d583c67a9b,b0fed4f0-43b5-5415-b968-2c6c69ac3bba
ad0b23163b43445f574d285f97ed1c09,e95299b4-9abf-57a3-9f75-1df0977f122d
ad19bea747b451b70f3ad484e7b81d82,d7fe7f99-9ee9-5a98-819d-4cec2b23d3ef
ad454f17e15710bcc1650e255edb67f8,3b46bba8-e292-592b-90ac-52beb2cc3b49
ad51c4ba47553a0e1c68db065dbb951a,d7fe7f99-9ee9-5a98-819d-4cec2b23d3ef
ad6c8d01ef0c8e0f5822052b211968ce,39a4cf53-edcb-556a-87ac-758ec302baf9
ad6c8d01ef0c8e0f5822052b211968ce,e95299b4-9abf-57a3-9f75-1df0977f122d
add657048a1c07b98e0b11f62193da9a,d7fe7f99-9ee9-5a98-819d-4cec2b23d3ef
ae006a8c5ab4a716c19c4fce35bfb456,3e1f45e9-a809-5ed6-8c0d-38966ce0facf
ae5eb824ef87499f644c3f11a7176157,d7fe7f99-9ee9-5a98-819d-4cec2b23d3ef
af002e114d3bc5d8e3567c76eff1796e,e95299b4-9abf-57a3-9f75-1df0977f122d
af28037dc21fedb68cf53f8f0f8f5b70,e95299b4-9abf-57a3-9f75-1df0977f122d
af6963942d2a2107c69cf67acb6d302b,d7fe7f99-9ee9-5a98-819d-4cec2b23d3ef
af8022dff0f1410ece5342fb0656a5c4,e95299b4-9abf-57a3-9f75-1df0977f122d
b02b7ca76d940855b1dbc58e9fbd9c49,d7fe7f99-9ee9-5a98-819d-4cec2b23d3ef
b04bbdcb4b06ad6b37954b1c2e9952cd,9ab13534-45ae-5a35-bb8c-d27adc602873
b0ab78a877b8dfa506dd5909d0c7aeda,d7fe7f99-9ee9-5a98-819d-4cec2b23d3ef
b0c7ae2316c7e8214fd659e4bc8a0dea,d7fe7f99-9ee9-5a98-819d-4cec2b23d3ef
b118b233b8266cb4372c8dcbb1496e89,d7fe7f99-9ee9-5a98-819d-4cec2b23d3ef
b118b79a958d93222c8a12c456ac6381,e95299b4-9abf-57a3-9f75-1df0977f122d
b13a2f1aaa9eb941e6e39d13d77fd2b2,d7fe7f99-9ee9-5a98-819d-4cec2b23d3ef
b1a71853fc3d4f40221e30d43a8e635a,82d6ee72-1c98-521b-9636-9b19816f0a74
b1b0b22f69356a35efa1836c0c174e2e,9ab13534-45ae-5a35-bb8c-d27adc602873
b215bb7ee1f1ac0d825e7ff0bd844d21,b0fed4f0-43b5-5415-b968-2c6c69ac3bba
b239c0ebaa802e0f272bc7f446f37b02,3b46bba8-e292-592b-90ac-52beb2cc3b49
b2415dff32cf05717d82e3997ee950dd,3e1f45e9-a809-5ed6-8c0d-38966ce0facf
b268182ba1837c8c79d103af94135f32,e95299b4-9abf-57a3-9f75-1df0977f122d
b26a2a26db6ea0d06f2a2ea79994daf0,b158b9fa-137f-59a5-930e-2981c3b6240c
b26e206babeeab677f8ef10c6669b66e,e95299b4-9abf-57a3-9f75-1df0977f122d
b2a85296e72e6078e433250927a825b3,d7fe7f99-9ee9-5a98-819d-4cec2b23d3ef
b2cf4167688595ab7b6eddbe2be4cf01,e95299b4-9abf-57a3-9f75-1df0977f122d
b305ab583ba3d7ba9e078fb1d8a18264,3e1f45e9-a809-5ed6-8c0d-38966ce0facf
b37912dd7b1e605b290fbf723ef7565f,3e1f45e9-a809-5ed6-8c0d-38966ce0facf
b3b78258e09ae502552e58abfccb3afc,e95299b4-9abf-57a3-9f75-1df0977f122d
b3c69a48e37494a935551692b07bba59,3e1f45e9-a809-5ed6-8c0d-38966ce0facf
b3f47cbab524e26bc35b84cfc33c3e35,d7fe7f99-9ee9-5a98-819d-4cec2b23d3ef
b40f6a858a14132657b28bebd13fd0af,39a4cf53-edcb-556a-87ac-758ec302baf9
b40f6a858a14132657b28bebd13fd0af,e95299b4-9abf-57a3-9f75-1df0977f122d
b48500c975d8fed03bc7321285974546,d7fe7f99-9ee9-5a98-819d-4cec2b23d3ef
b498476937f429b4792b8237f5caeecd,e95299b4-9abf-57a3-9f75-1df0977f122d
b4fc5cde27fea6324ed0a7af1315a259,3e1f45e9-a809-5ed6-8c0d-38966ce0facf
b527b8576f9deafcfe243f12dab51f44,d7fe7f99-9ee9-5a98-819d-4cec2b23d3ef
b53aa7aaf8d27a958c6d92502ae0221a,3e1f45e9-a809-5ed6-8c0d-38966ce0facf
b56c957fe2ea862acd00da1be795eaca,e95299b4-9abf-57a3-9f75-1df0977f122d
b59d5a150702e34e079c80089f0aa93a,3e1f45e9-a809-5ed6-8c0d-38966ce0facf
b5b1d9ada94bb80609d21eecf7a2ce7a,d7fe7f99-9ee9-5a98-819d-4cec2b23d3ef
b66dc44cd9882859d84670604ae276e6,d7fe7f99-9ee9-5a98-819d-4cec2b23d3ef
b6a322809aff29be73899407bca5bd33,d7fe7f99-9ee9-5a98-819d-4cec2b23d3ef
b6d767d2f8ed5d21a44b0e5886680cb9,e95299b4-9abf-57a3-9f75-1df0977f122d
b6db226159543454163428980acf354e,d7fe7f99-9ee9-5a98-819d-4cec2b23d3ef
b6f15332fdf46b978e3bc0c1212b88be,3b46bba8-e292-592b-90ac-52beb2cc3b49
b80fb5889c9ac53f4bac91a26d7e3ae7,3e1f45e9-a809-5ed6-8c0d-38966ce0facf
b851d5cac55cfb99eb7ab9b89f0a7296,e95299b4-9abf-57a3-9f75-1df0977f122d
b87cff77fd0f27997094252dd27bf0ff,3b46bba8-e292-592b-90ac-52beb2cc3b49
b88a86a8c73eb46b820855705324562c,3e1f45e9-a809-5ed6-8c0d-38966ce0facf
b88a86a8c73eb46b820855705324562c,d7fe7f99-9ee9-5a98-819d-4cec2b23d3ef
b94ee1ca0e467dfc97d1e7d8fae7777c,3e1f45e9-a809-5ed6-8c0d-38966ce0facf
b95251ea04fb49b1b43e0d607e03a052,82d6ee72-1c98-521b-9636-9b19816f0a74
b98ffc03ac00b43210474ad1cb7f4e9f,b0fed4f0-43b5-5415-b968-2c6c69ac3bba
b9a6863e190d34cecd1a9c99c5b9959f,3e1f45e9-a809-5ed6-8c0d-38966ce0facf
b9e4093f970251d5bcf888b76944a4bc,d7fe7f99-9ee9-5a98-819d-4cec2b23d3ef
ba483e14e8e6b4355e5b67f546fa7ba6,3e1f45e9-a809-5ed6-8c0d-38966ce0facf
ba670546354e4e95dab6ac0334ea8d0e,e95299b4-9abf-57a3-9f75-1df0977f122d
ba8d572d77321f4104d842529ef8c1f9,3e1f45e9-a809-5ed6-8c0d-38966ce0facf
baba6f161e3dea0b1b2d27cd8e9b6401,9ab13534-45ae-5a35-bb8c-d27adc602873
bac98f42121c0b9b5df7ab0fd7ca1a0d,b158b9fa-137f-59a5-930e-2981c3b6240c
bb7a4d17962dfe2ebd936a98b96becc9,39a4cf53-edcb-556a-87ac-758ec302baf9
bb7a4d17962dfe2ebd936a98b96becc9,e95299b4-9abf-57a3-9f75-1df0977f122d
bbc2ec9439609690885c2f3a19bc0483,d7fe7f99-9ee9-5a98-819d-4cec2b23d3ef
bbd675dca725e8edb6cfeefd55134d6a,3e1f45e9-a809-5ed6-8c0d-38966ce0facf
bbede8c49a291d52c00cdc274fb75c73,d7fe7f99-9ee9-5a98-819d-4cec2b23d3ef
bc05ca60f2f0d67d0525f41d1d8f8717,e95299b4-9abf-57a3-9f75-1df0977f122d
bc3c4a6331a8a9950945a1aa8c95ab8a,b158b9fa-137f-59a5-930e-2981c3b6240c
bc3c4a6331a8a9950945a1aa8c95ab8a,e95299b4-9abf-57a3-9f75-1df0977f122d
bd2ded9a76eb6188a534fdf0a34b448a,d7fe7f99-9ee9-5a98-819d-4cec2b23d3ef
bd4055f0a40af87972246acb16410929,3e1f45e9-a809-5ed6-8c0d-38966ce0facf
bdde25dccd4d18c936778d94bbb0e6d2,7699c356-2bfe-5dfb-8f9b-e0ed0603080b
be0fa2cb5de219d4baf91217dcc015fc,d7fe7f99-9ee9-5a98-819d-4cec2b23d3ef
be3d646307a57fefafcd1038fa06ac6e,3e1f45e9-a809-5ed6-8c0d-38966ce0facf
be6237ee8a1023c7a1789ee077a0d6ac,39a4cf53-edcb-556a-87ac-758ec302baf9
be6237ee8a1023c7a1789ee077a0d6ac,e95299b4-9abf-57a3-9f75-1df0977f122d
bea172394858b41ef28c9eada30ec3f6,3e1f45e9-a809-5ed6-8c0d-38966ce0facf
becab1769dc434d744e686392ad56487,d7fe7f99-9ee9-5a98-819d-4cec2b23d3ef
bf3f7805007e695954864f7997f045e4,b0fed4f0-43b5-5415-b968-2c6c69ac3bba
bf54138a15ab853e796913a2b37e5810,b0fed4f0-43b5-5415-b968-2c6c69ac3bba
bf58be819389cdbf0e22512ac5a9c4d2,d7fe7f99-9ee9-5a98-819d-4cec2b23d3ef
bf5d232e6c54a84b97769a91adb1642f,b0fed4f0-43b5-5415-b968-2c6c69ac3bba
bff884e12dc41cc296a9e00dcc3f9c03,9ab13534-45ae-5a35-bb8c-d27adc602873
c01f01846312094e9aa94cd84c18d34b,e95299b4-9abf-57a3-9f75-1df0977f122d
c03afab54002887e7e1d27a1069e206c,d7fe7f99-9ee9-5a98-819d-4cec2b23d3ef
c052b9a0e4598254e63c089ac403cc30,39a4cf53-edcb-556a-87ac-758ec302baf9
c07800c3c6e48eb73a52aa296a93e273,b0fed4f0-43b5-5415-b968-2c6c69ac3bba
c0fb254f2104ee71856b58079e470622,d7fe7f99-9ee9-5a98-819d-4cec2b23d3ef
c1f679ab526f31ea6066bace9eab95de,b158b9fa-137f-59a5-930e-2981c3b6240c
c24f4c5eef7ec01c46e003a9296c8645,b0fed4f0-43b5-5415-b968-2c6c69ac3bba
c24f4c5eef7ec01c46e003a9296c8645,d7fe7f99-9ee9-5a98-819d-4cec2b23d3ef
c2506c823cf043d32500f60b9f95a364,39a4cf53-edcb-556a-87ac-758ec302baf9
c2506c823cf043d32500f60b9f95a364,e95299b4-9abf-57a3-9f75-1df0977f122d
c2891da02cff2faf7339b20f86872cb4,d7fe7f99-9ee9-5a98-819d-4cec2b23d3ef
c34a7191f6e9948068b83e7179ea3da8,d7fe7f99-9ee9-5a98-819d-4cec2b23d3ef
c36d8a8dafc1031e6255b8ee480ba71c,3e1f45e9-a809-5ed6-8c0d-38966ce0facf
c3acb7fdf124466d472992bb3fcf81ab,d7fe7f99-9ee9-5a98-819d-4cec2b23d3ef
c3daba8ba04565423e12eb8cb6237b46,3b46bba8-e292-592b-90ac-52beb2cc3b49
c3daba8ba04565423e12eb8cb6237b46,3e1f45e9-a809-5ed6-8c0d-38966ce0facf
c3ed98d4f1d659a072212533f6fc5400,d7fe7f99-9ee9-5a98-819d-4cec2b23d3ef
c56030557e55275663bd45b48cd0223e,d7fe7f99-9ee9-5a98-819d-4cec2b23d3ef
c577331439d76d4941e58ad033ea68f0,9ab13534-45ae-5a35-bb8c-d27adc602873
c5f0f9281290cfac324ea44ed454516e,d7fe7f99-9ee9-5a98-819d-4cec2b23d3ef
c64fa745fa1d9b2a6835cf63d3fa103b,d7fe7f99-9ee9-5a98-819d-4cec2b23d3ef
c667c4a6daa92a680008e4c065384240,d7fe7f99-9ee9-5a98-819d-4cec2b23d3ef
c6ba36fff56c693ae111f4a9572d3db1,3b46bba8-e292-592b-90ac-52beb2cc3b49
c6e137e98d9fb63fb23bd5a68313048c,d7fe7f99-9ee9-5a98-819d-4cec2b23d3ef
c703af5c89b1d0bc2e99f540f553f182,d7fe7f99-9ee9-5a98-819d-4cec2b23d3ef
c706d63efb38590686f57108c93f522a,3e1f45e9-a809-5ed6-8c0d-38966ce0facf
c8661fbb8d748c08800779b570047110,e95299b4-9abf-57a3-9f75-1df0977f122d
c87ea9bc114a50a8d71ad6436569a84f,39a4cf53-edcb-556a-87ac-758ec302baf9
c8f958320e88166bd7cb74df92c35f65,d7fe7f99-9ee9-5a98-819d-4cec2b23d3ef
c9bd9c8f027732614c333b0ba2b5f373,d7fe7f99-9ee9-5a98-819d-4cec2b23d3ef
c9f193e5a139a9d671dfd40dda1aedbd,d7fe7f99-9ee9-5a98-819d-4cec2b23d3ef
c9f3097f8ca4e3e12ed1597e71a04836,d7fe7f99-9ee9-5a98-819d-4cec2b23d3ef
ca224ddb473a485bb9ff6813ce801cce,3b46bba8-e292-592b-90ac-52beb2cc3b49
ca6e3c8134ea9fdb61d563e835096d54,d7fe7f99-9ee9-5a98-819d-4cec2b23d3ef
cac029e0ca8add40d4d2aebd45308572,d7fe7f99-9ee9-5a98-819d-4cec2b23d3ef
cb672a936a8c40a3829727fa1512f959,39a4cf53-edcb-556a-87ac-758ec302baf9
cb672a936a8c40a3829727fa1512f959,e95299b4-9abf-57a3-9f75-1df0977f122d
cb71aa1f9c4e4e8368a7ee0e9b56d55c,3e1f45e9-a809-5ed6-8c0d-38966ce0facf
cb89bfc10614e6d2dd544941fed38876,e95299b4-9abf-57a3-9f75-1df0977f122d
cbc355bc8fc9e591e0c8443bcfd1229c,3b46bba8-e292-592b-90ac-52beb2cc3b49
cc8518cd4b052bac3955734e54ea7fc1,e95299b4-9abf-57a3-9f75-1df0977f122d
cca54c3d49cc8f47d35637e422e47b42,d7fe7f99-9ee9-5a98-819d-4cec2b23d3ef
ccb6d77ce6110c7ca71e13a969d12972,d7fe7f99-9ee9-5a98-819d-4cec2b23d3ef
ccc024390205569e10f34fdc95d6a313,3e1f45e9-a809-5ed6-8c0d-38966ce0facf
cd06c545abba5196bcf91b8b59e98991,d7fe7f99-9ee9-5a98-819d-4cec2b23d3ef
cd2c6ae040fec6ad8dd8bfc93af42c34,3e1f45e9-a809-5ed6-8c0d-38966ce0facf
cd3ace8a07db9a0a3b1a23fe9ce2128e,3b46bba8-e292-592b-90ac-52beb2cc3b49
cd457ca74689ea569ac9e8f4da4ca565,e95299b4-9abf-57a3-9f75-1df0977f122d
cda18ec397da078e6ef3882baaeb4b16,3e1f45e9-a809-5ed6-8c0d-38966ce0facf
cec4a277446d9e0bc89912c280d1f4cf,d7fe7f99-9ee9-5a98-819d-4cec2b23d3ef
cf02e211877d9c999deaac034ef2c691,e95299b4-9abf-57a3-9f75-1df0977f122d
cf0cbc09ae5e7b009ab13f6fecf55462,e95299b4-9abf-57a3-9f75-1df0977f122d
cf4352a7d775ba25bc66ac22006a13cb,d7fe7f99-9ee9-5a98-819d-4cec2b23d3ef
cf4658e07322a95e97bb826e029db35e,d7fe7f99-9ee9-5a98-819d-4cec2b23d3ef
cf79ae6addba60ad018347359bd144d2,39a4cf53-edcb-556a-87ac-758ec302baf9
cf79ae6addba60ad018347359bd144d2,3e1f45e9-a809-5ed6-8c0d-38966ce0facf
cf79ae6addba60ad018347359bd144d2,b0fed4f0-43b5-5415-b968-2c6c69ac3bba
cf79ae6addba60ad018347359bd144d2,d7fe7f99-9ee9-5a98-819d-4cec2b23d3ef
d148c06273c73ec0461b6f82575ef353,3e1f45e9-a809-5ed6-8c0d-38966ce0facf
d149544517354c6cf9038ec8b53ea710,d7fe7f99-9ee9-5a98-819d-4cec2b23d3ef
d1a167383b9b07e20d7cbf87d8baf31e,b158b9fa-137f-59a5-930e-2981c3b6240c
d1e1012d9777ac3f029903f95496dd63,d7fe7f99-9ee9-5a98-819d-4cec2b23d3ef
d23d873cff14e33c3471ab2f6ae17618,3e1f45e9-a809-5ed6-8c0d-38966ce0facf
d2b8fbe9b7696477551fd544f9f029d9,3e1f45e9-a809-5ed6-8c0d-38966ce0facf
d2cd5e61242457c9900be199bc4f2029,d7fe7f99-9ee9-5a98-819d-4cec2b23d3ef
d31aa7390c86c6e3bf2c8ec6c07aff5c,d7fe7f99-9ee9-5a98-819d-4cec2b23d3ef
d364326141061a4fbf29637eb650afa4,d7fe7f99-9ee9-5a98-819d-4cec2b23d3ef
d3c5754252ba689e6d7752a491f63707,7699c356-2bfe-5dfb-8f9b-e0ed0603080b
d428d070622e0f4363fceae11f4a3576,e95299b4-9abf-57a3-9f75-1df0977f122d
d42cf0c19fa7403eb870e053fc9369bd,3e1f45e9-a809-5ed6-8c0d-38966ce0facf
d4a973e303ec37692cc8923e3148eef7,3e1f45e9-a809-5ed6-8c0d-38966ce0facf
d4a973e303ec37692cc8923e3148eef7,86fd3a85-0e49-556c-828e-0ed5332c7d94
d4a973e303ec37692cc8923e3148eef7,d7fe7f99-9ee9-5a98-819d-4cec2b23d3ef
d4a973e303ec37692cc8923e3148eef7,e95299b4-9abf-57a3-9f75-1df0977f122d
d4aea007ea9f32b220df35efba0dead6,39a4cf53-edcb-556a-87ac-758ec302baf9
d51f1f6d8e3f57a4a4f86e0f240ecf4c,39a4cf53-edcb-556a-87ac-758ec302baf9
d5b06b5b4b51de2cdcc01d66fd88c730,3b46bba8-e292-592b-90ac-52beb2cc3b49
d5e700d0dc9360b4712508967822f944,e95299b4-9abf-57a3-9f75-1df0977f122d
d61e4bbd6393c9111e6526ea173a7c8b,b0fed4f0-43b5-5415-b968-2c6c69ac3bba
d620a0f1b480364a06d704f851cb05e9,3b46bba8-e292-592b-90ac-52beb2cc3b49
d64252d38fcdbae286240e6b383a7261,9ab13534-45ae-5a35-bb8c-d27adc602873
d65e8d5489f503ebe0c1e1bfc3a4d305,9ab13534-45ae-5a35-bb8c-d27adc602873
d668063251c48792eb87fc0c31a34c32,9ab13534-45ae-5a35-bb8c-d27adc602873
d6af1378c2dc02bc39f99da5d4d7ab5d,b158b9fa-137f-59a5-930e-2981c3b6240c
d6cf6382b5871b174d12b1d0801641c1,3e1f45e9-a809-5ed6-8c0d-38966ce0facf
d6e743a6db5b62d86d85d91855bc01ed,3b46bba8-e292-592b-90ac-52beb2cc3b49
d7839f08b6e03d2ad1e022a776dd0868,d7fe7f99-9ee9-5a98-819d-4cec2b23d3ef
d79c8788088c2193f0244d8f1f36d2db,39a4cf53-edcb-556a-87ac-758ec302baf9
d7ac96bc4d43255513c49dc4a759b76f,d7fe7f99-9ee9-5a98-819d-4cec2b23d3ef
d7cfdc0ae6299f490436cc78a1175ffa,3e1f45e9-a809-5ed6-8c0d-38966ce0facf
d7cfdc0ae6299f490436cc78a1175ffa,e95299b4-9abf-57a3-9f75-1df0977f122d
d8196c284deae4bf3c70fd1ba3b6db37,b0fed4f0-43b5-5415-b968-2c6c69ac3bba
d8212958d0ecbed71cbe56e177e850d6,39a4cf53-edcb-556a-87ac-758ec302baf9
d82c8d1619ad8176d665453cfb2e55f0,d7fe7f99-9ee9-5a98-819d-4cec2b23d3ef
d82d678e9583c1f5f283ec56fbf1abb7,d7fe7f99-9ee9-5a98-819d-4cec2b23d3ef
d878465e2554929759ccb308a7055061,03c48848-e564-5b45-b1dd-5771b91458de
d91fb359652b5c9d9842b11d1c6fada5,d7fe7f99-9ee9-5a98-819d-4cec2b23d3ef
d92f028187c4ada2abb5c11ee307cc3a,3e1f45e9-a809-5ed6-8c0d-38966ce0facf
d93591bdf7860e1e4ee2fca799911215,d7fe7f99-9ee9-5a98-819d-4cec2b23d3ef
d961237b67d0a4a1c90b711755a2bfb4,d7fe7f99-9ee9-5a98-819d-4cec2b23d3ef
d96fef65322271ebc8889e2371cf8b2c,b158b9fa-137f-59a5-930e-2981c3b6240c
d974b39946157a9d7baabfb411d23e06,39a4cf53-edcb-556a-87ac-758ec302baf9
d99dcbe45155b92885905eef6f8c5aac,b0fed4f0-43b5-5415-b968-2c6c69ac3bba
d9cf0fb8de83fb32c0f2a5f4d8dbf0fd,e95299b4-9abf-57a3-9f75-1df0977f122d
da94cbeff56cfda50785df477941308b,d7fe7f99-9ee9-5a98-819d-4cec2b23d3ef
da974f5eba1948690c83e9c3b43ffd87,b158b9fa-137f-59a5-930e-2981c3b6240c
db42f5e4cc9e8778aaf8eba9b356807c,b0fed4f0-43b5-5415-b968-2c6c69ac3bba
db63883c6d45ec2f049abb45e39bb1db,d7fe7f99-9ee9-5a98-819d-4cec2b23d3ef
dbc4d84bfcfe2284ba11beffb853a8c4,d7fe7f99-9ee9-5a98-819d-4cec2b23d3ef
dbc6904b9ae5239ad74f90306daae0ad,d7fe7f99-9ee9-5a98-819d-4cec2b23d3ef
dc515db69e899f7444b498d019e54f80,3b46bba8-e292-592b-90ac-52beb2cc3b49
dc9ea00d2f7ed8138abe0476dbcca520,d7fe7f99-9ee9-5a98-819d-4cec2b23d3ef
dd0805450bc5dfdf03e1828c857c923d,3e1f45e9-a809-5ed6-8c0d-38966ce0facf
dd23d1f4e8bb476fbf3cf47c05351631,d7fe7f99-9ee9-5a98-819d-4cec2b23d3ef
dd4eb823e5e5a1b3a7c691a4bd942cc4,b158b9fa-137f-59a5-930e-2981c3b6240c
dd5652afad20920119665376db0be05e,39a4cf53-edcb-556a-87ac-758ec302baf9
dd66137a28d61382af306f6e92dc5ef9,d7fe7f99-9ee9-5a98-819d-4cec2b23d3ef
ddb1fb3a512ef25fefdedb8786269b0e,b158b9fa-137f-59a5-930e-2981c3b6240c
ddd00016369bb0647e913501189e2e9d,b0fed4f0-43b5-5415-b968-2c6c69ac3bba
dde8cd94cd1e0e6491d46c55ef6ce8a4,3e1f45e9-a809-5ed6-8c0d-38966ce0facf
de5d8722acb069c17055849b7aca5047,39a4cf53-edcb-556a-87ac-758ec302baf9
de69b6247c3fd25f07e9cec2092f3093,d7fe7f99-9ee9-5a98-819d-4cec2b23d3ef
de7f08d3bcf1e3dd4a3a2df01c260400,d7fe7f99-9ee9-5a98-819d-4cec2b23d3ef
de9240f5c623bf031dcf0fca9770db44,d7fe7f99-9ee9-5a98-819d-4cec2b23d3ef
df46ddf1e2e40cddd6eb86aa5b1edd4f,e95299b4-9abf-57a3-9f75-1df0977f122d
dfc7defac6624a80f02b02e22b14e8fd,e95299b4-9abf-57a3-9f75-1df0977f122d
dfe3442d3546228ed111fc79dbc75a92,d7fe7f99-9ee9-5a98-819d-4cec2b23d3ef
e066c2a3a17db6130a38d50f796ff86d,82d6ee72-1c98-521b-9636-9b19816f0a74
e096cd650ce537d2b4af1084f22bd632,3e1f45e9-a809-5ed6-8c0d-38966ce0facf
e0fcdb37bdc60d52aa25fe65835ad674,3e1f45e9-a809-5ed6-8c0d-38966ce0facf
e10ca3fb63f8b0f9c31ad80ba0c3fab2,03c48848-e564-5b45-b1dd-5771b91458de
e1226495c14f1a62ae17aa76c1f0d457,3b46bba8-e292-592b-90ac-52beb2cc3b49
e15ccd90d7e4ea3fae4630a74440d5bc,e95299b4-9abf-57a3-9f75-1df0977f122d
e15d11a2309b8ca0199b36c2a00f20e0,d7fe7f99-9ee9-5a98-819d-4cec2b23d3ef
e22626d35f4cd1c5ac33897e8951436a,d7fe7f99-9ee9-5a98-819d-4cec2b23d3ef
e284afc4b4d163a28d9e24253928de6d,e95299b4-9abf-57a3-9f75-1df0977f122d
e2e80c1f5d4967b8499b3a9d9bbbadf7,82d6ee72-1c98-521b-9636-9b19816f0a74
e3b0ab92511ce1f46960bed57f65f532,d7fe7f99-9ee9-5a98-819d-4cec2b23d3ef
e3b8f475bcc580eaef8cf7d9d94cfd79,d7fe7f99-9ee9-5a98-819d-4cec2b23d3ef
e3db03fe97a37d83f14895bcd592cafa,82d6ee72-1c98-521b-9636-9b19816f0a74
e3f661a8bc6d1a31eda055dd39f1a726,e95299b4-9abf-57a3-9f75-1df0977f122d
e3fae482c95fe489ccd717cbda2cab9a,d7fe7f99-9ee9-5a98-819d-4cec2b23d3ef
e41e3babdbcda8602539f3d8115c7a4a,d7fe7f99-9ee9-5a98-819d-4cec2b23d3ef
e42484b34077bd81cbdcb9c74229e1ae,7d4fbc48-32b2-5da4-8b4b-ca6f2881dfaf
e48e13207341b6bffb7fb1622282247b,67be6bfb-a0b2-5688-bb30-ea592c24dee1
e48e13207341b6bffb7fb1622282247b,d7fe7f99-9ee9-5a98-819d-4cec2b23d3ef
e48e13207341b6bffb7fb1622282247b,e95299b4-9abf-57a3-9f75-1df0977f122d
e48ebd66a96bc1056253764b6e752c3c,82d6ee72-1c98-521b-9636-9b19816f0a74
e4af2a070b87a5a4f612831124c1bbc6,9ab13534-45ae-5a35-bb8c-d27adc602873
e4d23718146dda05de955934f6f59daf,3e1f45e9-a809-5ed6-8c0d-38966ce0facf
e519bb6f525b850a35b4257a1881ee8e,3b46bba8-e292-592b-90ac-52beb2cc3b49
e53c864e7ad9255dcc396d8fa1d8f803,e95299b4-9abf-57a3-9f75-1df0977f122d
e59ada7d5df0ab75beb3ccd99cdcc5cc,3e1f45e9-a809-5ed6-8c0d-38966ce0facf
e5c28a21a82eedfbe707875976cd82c1,3e1f45e9-a809-5ed6-8c0d-38966ce0facf
e5ce175ec7455bd332a31b247ed3a4cc,b158b9fa-137f-59a5-930e-2981c3b6240c
e601ce9c227149c3fcd0906c7c1faa80,d7fe7f99-9ee9-5a98-819d-4cec2b23d3ef
e634d8250ab39fe3ae1d6c60ef3b1899,3e1f45e9-a809-5ed6-8c0d-38966ce0facf
e6b7f90cb85008f517e9a1cd44c89a60,b158b9fa-137f-59a5-930e-2981c3b6240c
e6d0abbd9f872f6a7d1d5771d70d4405,d7fe7f99-9ee9-5a98-819d-4cec2b23d3ef
e703b8bab6312aeb65572abdd45ea643,b0fed4f0-43b5-5415-b968-2c6c69ac3bba
e71cb4126e285e51e8845ca784e55233,39a4cf53-edcb-556a-87ac-758ec302baf9
e71cb4126e285e51e8845ca784e55233,e95299b4-9abf-57a3-9f75-1df0977f122d
e7c38f29687f234991274851751e22c1,d7fe7f99-9ee9-5a98-819d-4cec2b23d3ef
e7f5691601f33655babda1aff7b02828,39a4cf53-edcb-556a-87ac-758ec302baf9
e7f5691601f33655babda1aff7b02828,e95299b4-9abf-57a3-9f75-1df0977f122d
e86f5d891fe5958a993164178e8a4404,3e1f45e9-a809-5ed6-8c0d-38966ce0facf
e88115645c5d447e834b06b5b473a89e,e95299b4-9abf-57a3-9f75-1df0977f122d
e8aa876ef30297cf23e07ed5019efb72,e95299b4-9abf-57a3-9f75-1df0977f122d
e90d18c9d82e4d2174117f45be6b6c82,3e1f45e9-a809-5ed6-8c0d-38966ce0facf
e978631424826dc4f698bd79410bb7f8,d7fe7f99-9ee9-5a98-819d-4cec2b23d3ef
e9a0b32d789dd16a25442136bd2f1edb,e95299b4-9abf-57a3-9f75-1df0977f122d
e9d161d1f0bd1094ad786f0f6540a421,3e1f45e9-a809-5ed6-8c0d-38966ce0facf
ea4fa68b9138802c36bc403cc2df264c,39a4cf53-edcb-556a-87ac-758ec302baf9
ea7943712d1d8b761c51b326e0573127,d7fe7f99-9ee9-5a98-819d-4cec2b23d3ef
eb7314e185b6de7e46fb8997c112995a,3b46bba8-e292-592b-90ac-52beb2cc3b49
ebb884f6fc4d14827b8c55d8411d8213,7d4fbc48-32b2-5da4-8b4b-ca6f2881dfaf
ebd8603b22a575e8ea2637428fa8fe6a,3e1f45e9-a809-5ed6-8c0d-38966ce0facf
ebda94d463791d6f3d4b4149c2343963,39a4cf53-edcb-556a-87ac-758ec302baf9
ec62775249a0941740a58049e0735282,7d4fbc48-32b2-5da4-8b4b-ca6f2881dfaf
ec6f03d0c7bf2d206c3fd1f81c794624,d7fe7f99-9ee9-5a98-819d-4cec2b23d3ef
ec9d8112e35ac7013d51edab4162188b,3e1f45e9-a809-5ed6-8c0d-38966ce0facf
ed122505f3f776812075d2bb7fc39b5a,b0fed4f0-43b5-5415-b968-2c6c69ac3bba
ed48edfdb22b633afaad6c514429823d,d7fe7f99-9ee9-5a98-819d-4cec2b23d3ef
ed4d7e02516cc9ed47631b2816a13fdc,d7fe7f99-9ee9-5a98-819d-4cec2b23d3ef
ed641087273a3544bfad668417f303d4,d7fe7f99-9ee9-5a98-819d-4cec2b23d3ef
ed67b6265d7bb5635944074472b49722,d7fe7f99-9ee9-5a98-819d-4cec2b23d3ef
ed6820c64f7f5980b14c5c6050416d25,e95299b4-9abf-57a3-9f75-1df0977f122d
eddad30f07db72d9a986938fe360ae5e,39a4cf53-edcb-556a-87ac-758ec302baf9
ee0c1616bbc82804b2f4b635d4a055fb,d7fe7f99-9ee9-5a98-819d-4cec2b23d3ef
ee23257fc04c5a592071489612258c72,d7fe7f99-9ee9-5a98-819d-4cec2b23d3ef
eea7f63347628b26c0094de09e60458e,d7fe7f99-9ee9-5a98-819d-4cec2b23d3ef
eeb8751723f404e82af4d62af9eb6306,d7fe7f99-9ee9-5a98-819d-4cec2b23d3ef
eee012a43eda2d3894bb3557fceda5d2,3b46bba8-e292-592b-90ac-52beb2cc3b49
ef2ee09ea9551de88bc11fd7eeea93b0,b158b9fa-137f-59a5-930e-2981c3b6240c
ef7ad04e82d292cc527cad7e25d79d00,39a4cf53-edcb-556a-87ac-758ec302baf9
ef8b5fcc338e003145ac9c134754db71,d7fe7f99-9ee9-5a98-819d-4cec2b23d3ef
f033ab37c30201f73f142449d037028d,82d6ee72-1c98-521b-9636-9b19816f0a74
f033ab37c30201f73f142449d037028d,b0fed4f0-43b5-5415-b968-2c6c69ac3bba
f033ab37c30201f73f142449d037028d,d7fe7f99-9ee9-5a98-819d-4cec2b23d3ef
f033ab37c30201f73f142449d037028d,e95299b4-9abf-57a3-9f75-1df0977f122d
f0725ceab0818d115f27b15bcc6162b7,d7fe7f99-9ee9-5a98-819d-4cec2b23d3ef
f077bbaf97a7f28af7cdf7939610d0eb,3b46bba8-e292-592b-90ac-52beb2cc3b49
f07f23ecab440329af28acc7c6854322,d7fe7f99-9ee9-5a98-819d-4cec2b23d3ef
f09d7b42dd5455fe1e1873033f2faaba,d7fe7f99-9ee9-5a98-819d-4cec2b23d3ef
f11bd0e63e3e58b65d77ff0eb386c032,9ab13534-45ae-5a35-bb8c-d27adc602873
f1238014ca8d360643a5af04320648d6,e95299b4-9abf-57a3-9f75-1df0977f122d
f12718181916b7215f8f9c5a6f2ab7bc,d7fe7f99-9ee9-5a98-819d-4cec2b23d3ef
f14be1c0f2e19c4a9b9e058e1ae95b1b,d7fe7f99-9ee9-5a98-819d-4cec2b23d3ef
f18b06140dd5c2a01087ad9e1b7c0952,39a4cf53-edcb-556a-87ac-758ec302baf9
f18b06140dd5c2a01087ad9e1b7c0952,e95299b4-9abf-57a3-9f75-1df0977f122d
f24c554c406899568128b43a09ad1814,3e1f45e9-a809-5ed6-8c0d-38966ce0facf
f25313c1009984a3c833700fab8d5f36,3b46bba8-e292-592b-90ac-52beb2cc3b49
f28582fdad333e891b429745b20e7aee,b0fed4f0-43b5-5415-b968-2c6c69ac3bba
f28582fdad333e891b429745b20e7aee,b158b9fa-137f-59a5-930e-2981c3b6240c
f28582fdad333e891b429745b20e7aee,d7fe7f99-9ee9-5a98-819d-4cec2b23d3ef
f2db63093cfb9d1a130c46abe5be3ceb,e95299b4-9abf-57a3-9f75-1df0977f122d
f30e6b892f1219c25e9822b1a6812822,b158b9fa-137f-59a5-930e-2981c3b6240c
f37055826c1bd14fddb78a3d751f741d,b158b9fa-137f-59a5-930e-2981c3b6240c
f3e52c300b822a8123e7ace55fe15c08,3e1f45e9-a809-5ed6-8c0d-38966ce0facf
f3e52c300b822a8123e7ace55fe15c08,d7fe7f99-9ee9-5a98-819d-4cec2b23d3ef
f462c09a625ed6d23c0d77458008163e,d7fe7f99-9ee9-5a98-819d-4cec2b23d3ef
f49dbd57bf8bd2933bc95dce115123c2,e95299b4-9abf-57a3-9f75-1df0977f122d
f4ac478bae86d281167b40a3fddae173,d7fe7f99-9ee9-5a98-819d-4cec2b23d3ef
f50ab9b812a24ffc11935a49adc1a2fa,e95299b4-9abf-57a3-9f75-1df0977f122d
f5d2a6964c0b18b6721b3cd4433ff6f3,b0fed4f0-43b5-5415-b968-2c6c69ac3bba
f6b4f520a0fab917a16ea7885ab8bc0c,9ab13534-45ae-5a35-bb8c-d27adc602873
f6f26cd61209de7eb9985e8cb44c6b64,b158b9fa-137f-59a5-930e-2981c3b6240c
f7408a70452c6ba4b21ac23fc7d621d0,d7fe7f99-9ee9-5a98-819d-4cec2b23d3ef
f74412c3c1c8899f3c130bb30ed0e363,3e1f45e9-a809-5ed6-8c0d-38966ce0facf
f7afdb11c40f9e80df4ba34919af5618,d7fe7f99-9ee9-5a98-819d-4cec2b23d3ef
f7cfdde9db36af8e0d9a6d123d5c385e,e95299b4-9abf-57a3-9f75-1df0977f122d
f7e0b956540676a129760a3eae309294,d7fe7f99-9ee9-5a98-819d-4cec2b23d3ef
f820bb85c1366ad7cf5c6e831be55560,d7fe7f99-9ee9-5a98-819d-4cec2b23d3ef
f82a944b799eac194ea37a388daa8b19,7d4fbc48-32b2-5da4-8b4b-ca6f2881dfaf
f888782cbdc8c8cad62044b2150782dc,b0fed4f0-43b5-5415-b968-2c6c69ac3bba
f8b04ac68c8283f8a8d50c171e666523,d7fe7f99-9ee9-5a98-819d-4cec2b23d3ef
f920d300923f89fca40f0f4e29606dcb,d7fe7f99-9ee9-5a98-819d-4cec2b23d3ef
f94213c8b7bd241d3c5c8f930ed98b86,3b46bba8-e292-592b-90ac-52beb2cc3b49
f9b4f1c42515f177b69decd28e90353e,b158b9fa-137f-59a5-930e-2981c3b6240c
f9c4fe2c294f04d5167c18b10ff0c67e,e95299b4-9abf-57a3-9f75-1df0977f122d
f9ed45b93dd4614775806adf05661bfe,d7fe7f99-9ee9-5a98-819d-4cec2b23d3ef
f9f8a20c43e08745482bd00aedc77bb0,39a4cf53-edcb-556a-87ac-758ec302baf9
f9f8a20c43e08745482bd00aedc77bb0,e95299b4-9abf-57a3-9f75-1df0977f122d
fa246d0262c3925617b0c72bb20eeb1d,39a4cf53-edcb-556a-87ac-758ec302baf9
fa3060edb66e6ff4507886f9912e1ab9,d7fe7f99-9ee9-5a98-819d-4cec2b23d3ef
fab26057fca166fc857133be0066b00f,d7fe7f99-9ee9-5a98-819d-4cec2b23d3ef
fb0a31b861a2d2a9f910dff3fbac6cc0,b0fed4f0-43b5-5415-b968-2c6c69ac3bba
fb6c20366f5141bb6afd859f68d3e0c3,d7fe7f99-9ee9-5a98-819d-4cec2b23d3ef
fba59370ad4b9da9326a6ede357337f4,b0fed4f0-43b5-5415-b968-2c6c69ac3bba
fbb5d2cf4558b47551ad4a26ce3f11a0,7d4fbc48-32b2-5da4-8b4b-ca6f2881dfaf
fbf10e9eef5ca096713dbedca6b8a65f,e95299b4-9abf-57a3-9f75-1df0977f122d
fbfd5a56bf391101eb1ec8c62aec2101,9ab13534-45ae-5a35-bb8c-d27adc602873
fc1a36821b02abbd2503fd949bfc9131,3b46bba8-e292-592b-90ac-52beb2cc3b49
fc3d4882f599e7c6a8e338e006d885b0,b0fed4f0-43b5-5415-b968-2c6c69ac3bba
fc53783270a067dc740b12818de904bc,e95299b4-9abf-57a3-9f75-1df0977f122d
fc5fc8cd38dbe2a74c84d562d4b0eb52,3e1f45e9-a809-5ed6-8c0d-38966ce0facf
fcb7b7251194131d50908a753de6b5cf,b0fed4f0-43b5-5415-b968-2c6c69ac3bba
fce40f257a6c2f9bcbd0b1f562a8e276,39a4cf53-edcb-556a-87ac-758ec302baf9
fe2d877afb377564858c10987911db5c,d7fe7f99-9ee9-5a98-819d-4cec2b23d3ef
fe7ecc4de28b2c83c016b5c6c2acd826,3b46bba8-e292-592b-90ac-52beb2cc3b49
feaef0b73b86f7b1e026b99717b8bd34,b158b9fa-137f-59a5-930e-2981c3b6240c
feb645018ad67b44ebbbd7baaf13123e,d7fe7f99-9ee9-5a98-819d-4cec2b23d3ef
ff187b9884c415222ffa74a199dadf88,39a4cf53-edcb-556a-87ac-758ec302baf9
ff187b9884c415222ffa74a199dadf88,e95299b4-9abf-57a3-9f75-1df0977f122d
ff48050aad4b6d4116079f324209efdd,7d4fbc48-32b2-5da4-8b4b-ca6f2881dfaf
ff4b22402fa5000030f2614eee29d956,d7fe7f99-9ee9-5a98-819d-4cec2b23d3ef
ff5b376f952246bd12b516e765403906,d7fe7f99-9ee9-5a98-819d-4cec2b23d3ef
ff73be2c2e0adca92918f0ca53242db2,d7fe7f99-9ee9-5a98-819d-4cec2b23d3ef
